"행정구역(시군구)별(1)","성별(1)",2013,2013,2013,2013,2013,2013,2013,2013,2013,2013,2013,2013,2013,2013,2013,2013,2013,2013,2014,2014,2014,2014,2014,2014,2014,2014,2014,2014,2014,2014,2014,2014,2014,2014,2014,2014,2015,2015,2015,2015,2015,2015,2015,2015,2015,2015,2015,2015,2015,2015,2015,2015,2015,2015,2016,2016,2016,2016,2016,2016,2016,2016,2016,2016,2016,2016,2016,2016,2016,2016,2016,2016,2017,2017,2017,2017,2017,2017,2017,2017,2017,2017,2017,2017,2017,2017,2017,2017,2017,2017,2018,2018,2018,2018,2018,2018,2018,2018,2018,2018,2018,2018,2018,2018,2018,2018,2018,2018,2019,2019,2019,2019,2019,2019,2019,2019,2019,2019,2019,2019,2019,2019,2019,2019,2019,2019,2020,2020,2020,2020,2020,2020,2020,2020,2020,2020,2020,2020,2020,2020,2020,2020,2020,2020,2021,2021,2021,2021,2021,2021,2021,2021,2021,2021,2021,2021,2021,2021,2021,2021,2021,2021,2022,2022,2022,2022,2022,2022,2022,2022,2022,2022,2022,2022,2022,2022
"행정구역(시군구)별(1)","성별(1)",총계,0~4세,5~9세,10~14세,15~19세,20~24세,25~29세,30~34세,35~39세,40~44세,45~49세,50~54세,55~59세,60~64세,65~69세,70~74세,75~79세,80세이상,총계,0~4세,5~9세,10~14세,15~19세,20~24세,25~29세,30~34세,35~39세,40~44세,45~49세,50~54세,55~59세,60~64세,65~69세,70~74세,75~79세,80세이상,총계,0~4세,5~9세,10~14세,15~19세,20~24세,25~29세,30~34세,35~39세,40~44세,45~49세,50~54세,55~59세,60~64세,65~69세,70~74세,75~79세,80세이상,총계,0~4세,5~9세,10~14세,15~19세,20~24세,25~29세,30~34세,35~39세,40~44세,45~49세,50~54세,55~59세,60~64세,65~69세,70~74세,75~79세,80세이상,총계,0~4세,5~9세,10~14세,15~19세,20~24세,25~29세,30~34세,35~39세,40~44세,45~49세,50~54세,55~59세,60~64세,65~69세,70~74세,75~79세,80세이상,총계,0~4세,5~9세,10~14세,15~19세,20~24세,25~29세,30~34세,35~39세,40~44세,45~49세,50~54세,55~59세,60~64세,65~69세,70~74세,75~79세,80세이상,총계,0~4세,5~9세,10~14세,15~19세,20~24세,25~29세,30~34세,35~39세,40~44세,45~49세,50~54세,55~59세,60~64세,65~69세,70~74세,75~79세,80세이상,총계,0~4세,5~9세,10~14세,15~19세,20~24세,25~29세,30~34세,35~39세,40~44세,45~49세,50~54세,55~59세,60~64세,65~69세,70~74세,75~79세,80세이상,총계,0~4세,5~9세,10~14세,15~19세,20~24세,25~29세,30~34세,35~39세,40~44세,45~49세,50~54세,55~59세,60~64세,65~69세,70~74세,75~79세,80세이상,총계,0~4세,5~9세,10~14세,15~19세,20~24세,25~29세,30~34세,35~39세,40~44세,45~49세,50~54세,55~59세,60세이상
"총계","계",985923,16021,8358,5190,16991,131909,203502,157552,104874,92633,83091,74800,55671,21132,6675,3399,2234,1891,1091531,20640,10724,6314,18661,130729,215244,173522,116418,99569,93829,94471,72432,25331,7422,2862,1733,1630,1143087,24871,13354,7331,21142,130813,217574,182268,122527,97410,97171,100532,83946,29651,8573,2796,1596,1532,1161677,29313,16128,8667,26153,140027,210431,186674,125572,92425,95123,104510,78082,33957,8730,2883,1479,1523,1171762,31331,19310,10563,29756,145799,204091,191403,133639,89819,95058,96948,78123,30759,9067,3029,1492,1575,1246626,34056,22220,13023,34133,167218,203632,197761,141258,93133,97215,98962,93851,33736,9833,3383,1520,1692,1271807,35716,25403,15071,37128,178319,200815,198011,144848,97207,92395,93758,96514,37764,11348,4056,1673,1781,1145540,32792,25210,15569,22524,146904,177811,184248,141184,93558,79514,82618,86076,37229,12169,4605,1686,1843,1093891,30278,27249,17242,21531,135385,169074,171318,141376,93682,72032,76945,83294,31854,13727,5118,1841,1945,1189585,30864,27795,17272,29227,156365,193856,184976,154085,103958,71354,78212,77469,64152
"총계","남자",562695,8267,4331,2720,7583,69368,124673,103158,69094,53545,40616,35140,26893,10736,3452,1547,868,704,628279,10612,5451,3271,8244,69984,133900,114872,76697,58737,46817,44563,35092,13147,3928,1493,778,693,656265,12592,6788,3756,9374,69742,135256,119910,80452,58519,49564,47625,39981,15295,4496,1479,745,691,664800,14920,8301,4388,11409,73401,132172,121525,81946,55846,49062,50136,36544,17517,4609,1606,718,700,671426,15930,9921,5370,13306,75846,129275,124050,86502,54202,49783,47084,36741,15469,4754,1698,774,721,716525,17302,11314,6608,15545,89454,130355,127746,90653,55878,52059,49141,44858,16898,5194,1904,835,781,727281,18299,12822,7622,16481,95537,128640,126766,91857,57723,49745,46827,46097,18882,5942,2277,922,842,651360,16748,12720,7943,9967,77967,112094,116555,88403,55444,42628,41053,40944,18151,6325,2608,930,880,610466,15414,13723,8842,9705,66888,104167,107357,87064,55011,38348,37755,39121,15081,7131,2874,1051,934,672203,15771,14035,8781,13319,77416,121088,119916,96524,61217,37916,38494,35954,31772
"총계","여자",423228,7754,4027,2470,9408,62541,78829,54394,35780,39088,42475,39660,28778,10396,3223,1852,1366,1187,463252,10028,5273,3043,10417,60745,81344,58650,39721,40832,47012,49908,37340,12184,3494,1369,955,937,486822,12279,6566,3575,11768,61071,82318,62358,42075,38891,47607,52907,43965,14356,4077,1317,851,841,496877,14393,7827,4279,14744,66626,78259,65149,43626,36579,46061,54374,41538,16440,4121,1277,761,823,500336,15401,9389,5193,16450,69953,74816,67353,47137,35617,45275,49864,41382,15290,4313,1331,718,854,530101,16754,10906,6415,18588,77764,73277,70015,50605,37255,45156,49821,48993,16838,4639,1479,685,911,544526,17417,12581,7449,20647,82782,72175,71245,52991,39484,42650,46931,50417,18882,5406,1779,751,939,494180,16044,12490,7626,12557,68937,65717,67693,52781,38114,36886,41565,45132,19078,5844,1997,756,963,483425,14864,13526,8400,11826,68497,64907,63961,54312,38671,33684,39190,44173,16773,6596,2244,790,1011,517382,15093,13760,8491,15908,78949,72768,65060,57561,42741,33438,39718,41515,32380
"강원도","계",13409,86,72,58,277,2879,3169,1998,1222,1018,807,724,583,276,118,59,38,25,14443,98,78,63,353,2895,3202,2214,1376,1053,912,890,713,354,125,64,25,28,15108,126,94,63,396,2907,3205,2391,1472,1048,1004,960,781,393,149,62,25,32,15833,144,98,72,461,3116,3187,2521,1543,1084,1044,1094,767,411,160,79,22,30,16949,162,105,90,557,3702,3295,2602,1742,1097,1112,1071,752,366,162,77,24,33,18261,167,118,110,640,4253,3611,2689,1878,1137,1101,1099,811,370,139,76,29,33,19069,186,140,121,604,4335,3874,2798,2024,1237,1082,1104,877,396,144,74,41,32,17332,174,125,109,281,3490,3714,2751,2004,1227,975,976,835,389,134,74,39,35,17384,172,142,111,394,3054,3684,2743,2197,1416,953,969,871,381,143,68,49,37,20472,218,162,115,596,3645,4190,3438,2611,1663,1021,1055,943,815
"강원도","남자",6330,49,30,35,113,1242,1590,1075,732,500,244,258,243,114,56,26,16,7,7016,55,34,35,146,1304,1635,1213,840,555,307,316,305,156,63,31,11,10,7567,67,37,36,168,1412,1668,1355,900,566,385,341,334,174,70,28,14,12,8105,73,41,38,221,1643,1697,1430,926,578,426,394,310,199,65,45,7,12,8942,83,43,41,291,2090,1827,1485,1025,598,476,393,287,172,68,40,11,12,9908,81,52,52,338,2483,2158,1544,1076,607,491,416,320,159,63,42,13,13,10384,94,67,54,297,2560,2357,1610,1153,648,486,420,336,165,68,36,21,12,9444,89,68,48,148,2053,2318,1554,1130,643,421,384,301,153,64,39,18,13,9411,88,73,51,210,1738,2300,1536,1257,749,428,388,294,153,77,30,27,12,11478,108,84,57,326,2118,2655,2069,1592,896,481,406,330,356
"강원도","여자",7079,37,42,23,164,1637,1579,923,490,518,563,466,340,162,62,33,22,18,7427,43,44,28,207,1591,1567,1001,536,498,605,574,408,198,62,33,14,18,7541,59,57,27,228,1495,1537,1036,572,482,619,619,447,219,79,34,11,20,7728,71,57,34,240,1473,1490,1091,617,506,618,700,457,212,95,34,15,18,8007,79,62,49,266,1612,1468,1117,717,499,636,678,465,194,94,37,13,21,8353,86,66,58,302,1770,1453,1145,802,530,610,683,491,211,76,34,16,20,8685,92,73,67,307,1775,1517,1188,871,589,596,684,541,231,76,38,20,20,7888,85,57,61,133,1437,1396,1197,874,584,554,592,534,236,70,35,21,22,7973,84,69,60,184,1316,1384,1207,940,667,525,581,577,228,66,38,22,25,8994,110,78,58,270,1527,1535,1369,1019,767,540,649,613,459
"경기도","계",314715,5699,2382,1241,3700,32154,64379,54734,36541,32457,28650,24575,17859,6553,1828,915,613,435,352166,7633,3247,1524,3724,31317,68251,59973,40801,34824,32664,32159,24476,7964,2071,748,447,343,369665,9396,4298,1912,4016,29838,68418,62818,43314,33957,34201,34859,29324,9433,2451,689,400,341,373923,11266,5419,2380,4478,30635,65965,64593,44418,32210,33477,36875,27392,10982,2408,720,374,331,381628,12398,6818,3190,5176,30808,64963,66635,48170,31890,34366,35098,27999,10044,2591,764,370,348,408526,13836,8190,4185,6061,35277,64419,68923,50920,33157,35903,36667,35089,11329,2897,919,373,381,414318,14885,9541,5038,6555,36642,61811,68553,51859,34848,34106,35077,36707,13233,3476,1161,415,411,380144,14152,10017,5512,4890,29928,53750,63750,50857,33965,29181,31427,33389,13173,3897,1402,414,440,360412,13005,11121,6338,5232,26058,49069,58340,50550,34022,26263,29264,33004,10982,4601,1596,493,474,382865,13009,11497,6327,6757,30589,54287,61690,54228,37306,25724,29594,30049,21808
"경기도","남자",187366,2951,1230,650,1885,20386,41814,36480,23920,18564,14307,11656,8537,3262,916,393,247,168,210518,3874,1670,794,1877,20628,44981,40440,26668,20188,16490,15209,11762,4130,1055,381,210,161,220569,4762,2185,966,2057,19780,45621,41897,28397,20133,17544,16546,13830,4863,1256,371,185,176,224598,5736,2801,1189,2223,20328,45201,43146,29196,19351,17399,17734,12661,5634,1242,398,189,170,231342,6308,3510,1588,2543,20353,45439,44682,31753,19317,18136,17368,13174,5010,1337,442,198,184,248438,7096,4150,2089,2973,23450,45776,46433,33327,20276,19426,18595,16695,5699,1518,520,214,201,250595,7693,4749,2550,2995,23915,44019,46071,33715,21190,18543,18002,17596,6629,1826,654,229,219,227462,7224,5051,2800,2278,18709,37828,42580,32570,20639,15930,15960,16115,6502,2014,795,237,230,210998,6561,5668,3218,2501,14890,33711,38641,31750,20389,14172,14655,15732,5268,2414,895,282,251,226867,6578,5851,3211,3254,17627,37832,41939,34332,22273,13913,14873,14243,10941
"경기도","여자",127349,2748,1152,591,1815,11768,22565,18254,12621,13893,14343,12919,9322,3291,912,522,366,267,141648,3759,1577,730,1847,10689,23270,19533,14133,14636,16174,16950,12714,3834,1016,367,237,182,149096,4634,2113,946,1959,10058,22797,20921,14917,13824,16657,18313,15494,4570,1195,318,215,165,149325,5530,2618,1191,2255,10307,20764,21447,15222,12859,16078,19141,14731,5348,1166,322,185,161,150286,6090,3308,1602,2633,10455,19524,21953,16417,12573,16230,17730,14825,5034,1254,322,172,164,160088,6740,4040,2096,3088,11827,18643,22490,17593,12881,16477,18072,18394,5630,1379,399,159,180,163723,7192,4792,2488,3560,12727,17792,22482,18144,13658,15563,17075,19111,6604,1650,507,186,192,152682,6928,4966,2712,2612,11219,15922,21170,18287,13326,13251,15467,17274,6671,1883,607,177,210,149414,6444,5453,3120,2731,11168,15358,19699,18800,13633,12091,14609,17272,5714,2187,701,211,223,155998,6431,5646,3116,3503,12962,16455,19751,19896,15033,11811,14721,15806,10867
"경상남도","계",69126,721,429,229,563,10222,19028,13935,8541,5623,3502,2984,1966,856,318,104,55,50,77778,1034,649,340,543,9923,20703,16179,9735,6431,4306,3819,2484,1095,341,112,39,45,82316,1240,818,430,574,9578,20941,17819,10471,6692,4832,4139,2937,1248,413,107,33,44,81021,1301,855,501,703,8777,19552,17787,10807,6531,4912,4388,2908,1371,421,131,33,43,75136,1155,781,466,921,7837,17525,17212,10507,5857,4448,3832,2808,1208,383,123,35,38,74304,1247,890,547,972,8251,16287,16836,10702,5891,4327,3640,2928,1215,369,126,39,37,76123,1363,1072,682,1208,9080,15822,16750,11128,6208,4260,3571,3045,1297,405,154,48,30,67239,1160,945,638,740,7135,13066,15069,10895,5905,3899,3193,2714,1259,377,157,50,37,63148,1167,1007,695,759,5870,11766,13626,10857,6046,3791,3105,2611,1151,442,157,58,40,70390,1308,1032,686,917,6786,13743,14952,12120,6853,3879,3298,2663,2153
"경상남도","남자",49767,379,218,124,221,6734,14643,11194,6893,4066,1900,1517,1055,524,198,62,22,17,56169,533,326,177,234,6711,16058,13072,7748,4752,2386,1907,1314,623,219,72,17,20,59196,633,403,216,240,6570,16040,14387,8330,4932,2786,2098,1491,701,268,65,17,19,57409,671,422,236,316,5781,14862,14135,8504,4840,2842,2248,1463,724,253,79,15,18,52059,571,393,228,453,4894,13091,13371,8154,4241,2554,1842,1324,608,224,77,17,17,50924,629,458,275,492,5264,12035,12913,8212,4184,2453,1751,1347,588,210,73,24,16,51952,689,556,337,580,5998,11721,12721,8439,4323,2504,1729,1396,611,204,102,28,14,45130,597,484,323,365,4503,9391,11137,8214,4129,2292,1556,1233,564,190,105,30,17,41651,591,513,366,337,3472,8368,9925,8019,4205,2299,1523,1166,492,219,101,36,19,47483,677,528,342,456,4188,10061,11206,9041,4770,2371,1663,1167,1013
"경상남도","여자",19359,342,211,105,342,3488,4385,2741,1648,1557,1602,1467,911,332,120,42,33,33,21609,501,323,163,309,3212,4645,3107,1987,1679,1920,1912,1170,472,122,40,22,25,23120,607,415,214,334,3008,4901,3432,2141,1760,2046,2041,1446,547,145,42,16,25,23612,630,433,265,387,2996,4690,3652,2303,1691,2070,2140,1445,647,168,52,18,25,23077,584,388,238,468,2943,4434,3841,2353,1616,1894,1990,1484,600,159,46,18,21,23380,618,432,272,480,2987,4252,3923,2490,1707,1874,1889,1581,627,159,53,15,21,24171,674,516,345,628,3082,4101,4029,2689,1885,1756,1842,1649,686,201,52,20,16,22109,563,461,315,375,2632,3675,3932,2681,1776,1607,1637,1481,695,187,52,20,20,21497,576,494,329,422,2398,3398,3701,2838,1841,1492,1582,1445,659,223,56,22,21,22907,631,504,344,461,2598,3682,3746,3079,2083,1508,1635,1496,1140
"경상북도","계",43499,316,141,84,647,8460,11572,8364,4988,3128,2066,1620,1225,531,164,85,47,61,47805,388,188,82,700,8234,12481,9444,5633,3593,2477,2071,1493,682,174,75,36,54,49765,510,256,104,870,7909,12612,9784,6010,3737,2705,2268,1808,786,249,76,36,45,51351,649,328,156,1207,8468,12418,10060,6083,3705,2840,2365,1759,877,279,84,37,36,53364,745,437,237,1934,9115,12329,10182,6505,3718,2782,2398,1748,816,266,84,29,39,56969,772,523,306,2571,10672,12430,10515,6948,3800,2856,2422,1890,829,284,86,26,39,58119,923,636,416,2102,11531,12135,10547,7160,4080,2865,2396,1980,870,316,88,30,44,52469,862,573,394,783,9809,10907,10000,7023,4087,2704,2212,1783,853,295,108,37,39,51100,895,674,462,785,8801,10528,9689,7153,4235,2674,2206,1707,784,312,115,38,42,57055,989,734,439,1165,9184,12066,10751,8020,4931,2853,2457,1905,1561
"경상북도","남자",26971,149,64,41,291,4724,7339,5954,3684,2079,949,700,567,278,82,36,15,19,30382,176,90,34,323,4833,8241,6812,4169,2400,1213,925,684,337,75,38,15,17,31579,238,119,55,408,4731,8317,7001,4410,2515,1401,1016,803,381,117,38,12,17,32392,331,159,70,544,4962,8304,7127,4381,2528,1491,1060,774,447,138,45,18,13,33583,384,211,120,861,5397,8413,7152,4624,2492,1469,1083,763,403,136,44,15,16,35893,373,268,157,1189,6457,8632,7315,4957,2469,1539,1108,821,381,153,43,13,18,36455,462,309,202,976,6940,8516,7224,5024,2631,1565,1084,892,380,167,46,18,19,32696,431,277,199,363,5684,7590,6792,4821,2620,1501,1017,794,373,142,54,22,16,31467,459,321,232,399,4892,7182,6533,4853,2718,1506,1031,755,328,158,62,21,17,35997,507,350,216,601,5328,8354,7568,5554,3192,1593,1181,829,724
"경상북도","여자",16528,167,77,43,356,3736,4233,2410,1304,1049,1117,920,658,253,82,49,32,42,17423,212,98,48,377,3401,4240,2632,1464,1193,1264,1146,809,345,99,37,21,37,18186,272,137,49,462,3178,4295,2783,1600,1222,1304,1252,1005,405,132,38,24,28,18959,318,169,86,663,3506,4114,2933,1702,1177,1349,1305,985,430,141,39,19,23,19781,361,226,117,1073,3718,3916,3030,1881,1226,1313,1315,985,413,130,40,14,23,21076,399,255,149,1382,4215,3798,3200,1991,1331,1317,1314,1069,448,131,43,13,21,21664,461,327,214,1126,4591,3619,3323,2136,1449,1300,1312,1088,490,149,42,12,25,19773,431,296,195,420,4125,3317,3208,2202,1467,1203,1195,989,480,153,54,15,23,19633,436,353,230,386,3909,3346,3156,2300,1517,1168,1175,952,456,154,53,17,25,21058,482,384,223,564,3856,3712,3183,2466,1739,1260,1276,1076,837
"광주광역시","계",15557,168,77,66,525,3555,3805,2358,1512,1072,879,711,470,215,73,23,27,21,17064,202,99,77,473,3731,4067,2642,1649,1149,985,925,650,250,91,27,23,24,18455,262,145,119,466,3901,4286,2869,1734,1330,1071,1047,781,258,103,36,18,29,19920,376,198,156,610,4145,4467,3011,1895,1404,1171,1155,821,306,123,42,17,23,21279,482,295,200,690,4465,4541,3261,2067,1391,1303,1166,878,331,120,47,18,24,22815,531,360,247,1147,4984,4602,3338,2165,1448,1330,1199,943,340,93,43,17,28,23825,570,453,286,1229,5669,4584,3383,2208,1476,1305,1121,1005,333,115,44,18,26,21323,513,436,292,700,4855,4146,3187,2184,1377,1208,1001,896,333,112,34,28,21,20934,596,515,326,556,4837,4079,3088,2172,1375,1076,950,842,316,121,37,23,25,22967,698,572,374,722,5089,4650,3289,2387,1506,1075,1061,893,651
"광주광역시","남자",8237,88,40,36,231,1615,2131,1516,985,613,328,269,203,104,41,11,12,14,9212,103,55,36,200,1810,2345,1670,1057,642,426,346,305,121,54,14,11,17,10015,132,77,60,236,1918,2463,1794,1088,768,493,397,360,127,56,19,11,16,10688,186,99,78,309,2076,2570,1800,1166,783,549,456,362,146,60,24,9,15,11655,253,150,106,371,2340,2730,1909,1250,766,647,473,383,165,57,28,11,16,12545,283,177,134,608,2781,2740,1936,1270,789,675,492,402,156,51,26,8,17,13020,296,224,135,611,3244,2740,1922,1227,791,649,494,424,154,62,24,9,14,11508,269,203,136,314,2760,2461,1788,1199,737,600,439,355,150,55,16,15,11,11163,314,243,166,262,2611,2384,1748,1187,743,520,432,316,138,56,16,14,13,12483,371,291,184,333,2764,2812,1947,1335,804,524,486,330,302
"광주광역시","여자",7320,80,37,30,294,1940,1674,842,527,459,551,442,267,111,32,12,15,7,7852,99,44,41,273,1921,1722,972,592,507,559,579,345,129,37,13,12,7,8440,130,68,59,230,1983,1823,1075,646,562,578,650,421,131,47,17,7,13,9232,190,99,78,301,2069,1897,1211,729,621,622,699,459,160,63,18,8,8,9624,229,145,94,319,2125,1811,1352,817,625,656,693,495,166,63,19,7,8,10270,248,183,113,539,2203,1862,1402,895,659,655,707,541,184,42,17,9,11,10805,274,229,151,618,2425,1844,1461,981,685,656,627,581,179,53,20,9,12,9815,244,233,156,386,2095,1685,1399,985,640,608,562,541,183,57,18,13,10,9771,282,272,160,294,2226,1695,1340,985,632,556,518,526,178,65,21,9,12,10484,327,281,190,389,2325,1838,1342,1052,702,551,575,563,349
"대구광역시","계",23302,205,152,102,495,4636,5924,3900,2545,1795,1213,975,707,339,134,70,55,55,25203,268,165,116,596,4538,6343,4262,2788,1932,1424,1197,809,431,155,79,49,51,26141,340,206,135,576,4160,6291,4571,3001,1998,1654,1320,1016,493,192,86,49,53,26493,433,243,172,573,3983,6112,4846,3086,1939,1760,1464,987,513,206,74,40,62,26442,492,293,181,666,3783,5693,4921,3212,1981,1768,1482,1081,501,202,84,43,59,28033,552,323,246,1088,4362,5407,5174,3392,2097,1798,1503,1171,499,226,89,38,68,30191,612,401,281,1925,5338,5174,5195,3520,2197,1794,1521,1252,532,235,96,48,70,27798,572,381,289,1341,5149,4524,4754,3385,2176,1683,1397,1138,561,237,97,49,65,27230,528,438,308,614,5903,4419,4402,3402,2182,1604,1425,1079,482,226,102,48,68,29568,607,444,321,854,6227,4877,4571,3729,2419,1649,1574,1173,1123
"대구광역시","남자",13072,95,86,44,203,2340,3350,2508,1728,1084,578,428,316,157,68,34,27,26,14397,126,76,54,267,2404,3661,2769,1860,1179,712,552,356,201,89,43,23,25,15041,143,98,68,236,2229,3714,2970,2017,1236,837,614,455,232,99,45,24,24,15212,196,108,92,256,2133,3639,3094,1998,1197,916,691,445,246,112,40,21,28,14919,221,132,104,286,1972,3379,3029,2034,1172,940,700,500,248,108,45,21,28,15506,252,145,127,466,2257,3162,3082,2114,1213,971,705,553,243,114,51,20,31,16407,288,177,132,920,2780,2983,3001,2133,1253,956,740,565,251,116,54,24,34,14911,266,164,145,642,2652,2537,2688,1996,1237,898,677,515,267,120,51,26,30,14269,249,197,155,294,2928,2353,2456,1950,1203,846,698,476,238,115,55,27,29,15770,306,205,152,403,3161,2658,2684,2141,1321,855,802,519,563
"대구광역시","여자",10230,110,66,58,292,2296,2574,1392,817,711,635,547,391,182,66,36,28,29,10806,142,89,62,329,2134,2682,1493,928,753,712,645,453,230,66,36,26,26,11100,197,108,67,340,1931,2577,1601,984,762,817,706,561,261,93,41,25,29,11281,237,135,80,317,1850,2473,1752,1088,742,844,773,542,267,94,34,19,34,11523,271,161,77,380,1811,2314,1892,1178,809,828,782,581,253,94,39,22,31,12527,300,178,119,622,2105,2245,2092,1278,884,827,798,618,256,112,38,18,37,13784,324,224,149,1005,2558,2191,2194,1387,944,838,781,687,281,119,42,24,36,12887,306,217,144,699,2497,1987,2066,1389,939,785,720,623,294,117,46,23,35,12961,279,241,153,320,2975,2066,1946,1452,979,758,727,603,244,111,47,21,39,13798,301,239,169,451,3066,2219,1887,1588,1098,794,772,654,560
"대전광역시","계",14798,255,128,94,684,4143,3262,1868,1102,850,770,666,540,253,105,41,19,18,15658,273,128,99,775,4179,3319,2032,1203,910,846,771,651,288,112,36,22,14,16416,328,168,83,789,4304,3402,2132,1292,915,881,884,714,323,124,42,19,16,17035,373,208,85,898,4549,3266,2178,1366,886,924,953,747,390,132,40,22,18,17431,413,240,113,946,4745,3119,2214,1531,864,984,928,699,397,150,44,23,21,18184,440,257,124,1069,5049,3062,2359,1569,972,979,900,773,401,138,52,20,20,19109,416,266,151,1399,5246,3038,2542,1690,1069,919,899,801,412,157,63,23,18,16895,380,244,161,805,4185,2925,2462,1598,1087,839,830,730,377,162,66,25,19,17292,391,263,168,860,4486,3058,2426,1631,1083,780,815,730,337,160,64,20,20,20594,418,288,180,1580,5839,3539,2560,1771,1248,824,889,743,715
"대전광역시","남자",6554,135,62,59,320,1652,1425,919,572,399,273,257,260,123,56,23,12,7,6915,147,66,62,358,1651,1412,974,605,436,338,306,311,146,59,26,12,6,7215,166,80,50,385,1666,1456,1007,644,444,366,359,319,171,53,30,12,7,7523,189,104,49,429,1795,1422,1018,701,419,399,380,313,206,52,25,13,9,7829,213,127,61,454,2011,1335,1030,750,412,440,375,298,208,67,24,14,10,8369,236,138,65,534,2282,1392,1082,729,449,449,377,329,192,68,25,12,10,8837,219,136,75,685,2439,1403,1190,780,488,402,376,320,191,81,27,16,9,7879,203,119,81,360,2055,1371,1181,727,485,352,346,290,172,82,30,16,9,7967,200,120,89,399,2150,1428,1149,729,482,320,335,294,142,77,29,13,11,9698,212,146,95,736,2832,1742,1222,824,571,338,369,295,316
"대전광역시","여자",8244,120,66,35,364,2491,1837,949,530,451,497,409,280,130,49,18,7,11,8743,126,62,37,417,2528,1907,1058,598,474,508,465,340,142,53,10,10,8,9201,162,88,33,404,2638,1946,1125,648,471,515,525,395,152,71,12,7,9,9512,184,104,36,469,2754,1844,1160,665,467,525,573,434,184,80,15,9,9,9602,200,113,52,492,2734,1784,1184,781,452,544,553,401,189,83,20,9,11,9815,204,119,59,535,2767,1670,1277,840,523,530,523,444,209,70,27,8,10,10272,197,130,76,714,2807,1635,1352,910,581,517,523,481,221,76,36,7,9,9016,177,125,80,445,2130,1554,1281,871,602,487,484,440,205,80,36,9,10,9325,191,143,79,461,2336,1630,1277,902,601,460,480,436,195,83,35,7,9,10896,206,142,85,844,3007,1797,1338,947,677,486,520,448,399
"부산광역시","계",35943,361,299,270,971,7171,8529,5907,3905,2805,1839,1577,1202,572,218,139,69,109,38315,418,324,335,1083,7251,8738,6429,4245,2951,2089,1882,1392,632,263,121,56,106,39991,469,327,341,1214,7394,9111,6729,4322,2987,2283,1943,1530,777,294,113,65,92,41840,567,377,341,1706,8341,8741,7055,4407,3042,2346,2009,1473,850,314,119,65,87,42837,602,389,319,2140,8948,8413,7227,4717,3080,2323,1911,1389,771,341,115,70,82,45738,642,453,355,2320,10398,8563,7362,5090,3147,2421,1936,1601,808,362,123,75,82,45999,605,468,350,2014,10677,8507,7298,5315,3183,2456,1881,1638,871,402,161,85,88,40366,560,442,323,1055,8484,7479,6727,5115,3147,2194,1808,1437,844,416,169,73,93,39420,499,450,324,899,8008,7501,6481,5102,3169,2186,1775,1448,787,428,185,83,95,42863,555,503,349,1199,8539,8282,6942,5588,3555,2323,1843,1444,1741
"부산광역시","남자",20963,189,153,148,407,3517,5294,4045,2687,1771,870,721,567,314,133,74,24,49,22452,209,167,177,467,3539,5478,4465,2951,1851,1007,859,654,329,153,69,27,50,23264,227,170,169,543,3561,5572,4640,2985,1947,1148,890,704,397,170,67,29,45,23895,287,205,159,775,3834,5314,4778,3027,1914,1226,934,689,420,185,77,31,40,24289,298,197,153,978,4183,5044,4805,3188,1948,1232,898,635,396,186,70,42,36,25845,334,228,181,1101,5047,5115,4796,3384,1947,1317,886,745,412,195,76,46,35,25667,317,228,174,889,5277,4979,4623,3445,1948,1319,866,752,446,216,98,53,37,22536,301,219,154,454,4218,4307,4153,3267,1923,1203,847,661,422,217,99,50,41,21690,269,212,170,380,3779,4251,3972,3166,1949,1200,836,676,404,217,106,60,43,23909,291,266,176,554,4063,4766,4383,3532,2168,1265,875,675,895
"부산광역시","여자",14980,172,146,122,564,3654,3235,1862,1218,1034,969,856,635,258,85,65,45,60,15863,209,157,158,616,3712,3260,1964,1294,1100,1082,1023,738,303,110,52,29,56,16727,242,157,172,671,3833,3539,2089,1337,1040,1135,1053,826,380,124,46,36,47,17945,280,172,182,931,4507,3427,2277,1380,1128,1120,1075,784,430,129,42,34,47,18548,304,192,166,1162,4765,3369,2422,1529,1132,1091,1013,754,375,155,45,28,46,19893,308,225,174,1219,5351,3448,2566,1706,1200,1104,1050,856,396,167,47,29,47,20332,288,240,176,1125,5400,3528,2675,1870,1235,1137,1015,886,425,186,63,32,51,17830,259,223,169,601,4266,3172,2574,1848,1224,991,961,776,422,199,70,23,52,17730,230,238,154,519,4229,3250,2509,1936,1220,986,939,772,383,211,79,23,52,18954,264,237,173,645,4476,3516,2559,2056,1387,1058,968,769,846
"서울특별시","계",244410,5609,3221,2048,5565,25601,36529,27978,20782,24892,28146,28458,22202,7910,2420,1344,923,782,266360,6763,3828,2357,6596,26002,37171,29037,22167,25499,30154,34473,28077,9149,2650,1067,703,667,274957,7833,4474,2507,7912,28115,36975,29595,22459,23464,29413,35090,31343,10650,2894,1011,635,587,273441,8583,5068,2874,10137,32829,34219,29432,22009,20978,27468,35063,27581,12222,2848,982,564,584,267153,8571,5743,3256,10034,36192,32235,29803,22640,19227,26097,30789,26721,10620,2995,1028,594,608,283984,8573,6131,3696,9981,42667,31723,30298,23592,19659,26369,31136,32565,11760,3412,1151,607,664,281876,8180,6479,3953,10607,45729,31422,29489,23130,19481,23685,27911,32241,12961,3889,1376,636,707,242623,6812,6123,3965,6640,36106,28352,26544,21559,17487,18878,22988,27532,12445,4273,1570,617,732,226569,5506,6051,4161,6309,35097,28422,23824,21095,16343,15710,20315,25459,10308,4776,1768,656,769,239297,5105,5667,4077,8379,43323,33460,23984,21297,17069,14599,19312,22211,20814
"서울특별시","남자",118482,2891,1669,1089,2374,9689,17433,14432,11274,12884,13849,13644,10787,4032,1231,600,330,274,129245,3517,1916,1243,2647,9272,17450,14926,12110,13558,15049,16567,13708,4818,1364,538,291,271,132607,3995,2291,1313,3078,9525,17033,15250,12218,12747,14930,16992,15115,5578,1503,509,276,254,130590,4373,2624,1507,3818,10696,15223,15054,11909,11588,14037,17395,13290,6475,1536,552,255,258,127651,4354,3000,1701,3881,11669,14040,15501,12335,10733,13689,15504,13045,5470,1612,572,284,261,136950,4311,3178,1894,3800,14486,13532,15737,12860,11051,14362,16169,16399,6081,1840,650,315,285,133666,4184,3309,2026,3834,15396,13006,14753,12422,10715,12974,14582,16174,6804,2067,768,341,311,114799,3461,3099,2037,2539,12585,11392,12958,11296,9507,10153,11890,13725,6326,2273,898,323,337,103937,2804,3077,2144,2384,11482,10913,11150,10884,8627,8321,10275,12564,5087,2496,1013,363,353,105512,2641,2880,2083,3035,13340,12231,10909,10852,8875,7616,9706,10730,10614
"서울특별시","여자",125928,2718,1552,959,3191,15912,19096,13546,9508,12008,14297,14814,11415,3878,1189,744,593,508,137115,3246,1912,1114,3949,16730,19721,14111,10057,11941,15105,17906,14369,4331,1286,529,412,396,142350,3838,2183,1194,4834,18590,19942,14345,10241,10717,14483,18098,16228,5072,1391,502,359,333,142851,4210,2444,1367,6319,22133,18996,14378,10100,9390,13431,17668,14291,5747,1312,430,309,326,139502,4217,2743,1555,6153,24523,18195,14302,10305,8494,12408,15285,13676,5150,1383,456,310,347,147034,4262,2953,1802,6181,28181,18191,14561,10732,8608,12007,14967,16166,5679,1572,501,292,379,148210,3996,3170,1927,6773,30333,18416,14736,10708,8766,10711,13329,16067,6157,1822,608,295,396,127824,3351,3024,1928,4101,23521,16960,13586,10263,7980,8725,11098,13807,6119,2000,672,294,395,122632,2702,2974,2017,3925,23615,17509,12674,10211,7716,7389,10040,12895,5221,2280,755,293,416,133785,2464,2787,1994,5344,29983,21229,13075,10445,8194,6983,9606,11481,10200
"세종특별자치시","계",2462,14,9,6,55,404,605,424,314,169,180,130,96,37,11,3,1,4,2719,27,17,4,40,381,637,498,322,210,219,174,124,44,15,4,2,1,3481,43,28,9,104,479,769,637,406,273,239,243,156,70,18,2,3,2,3745,74,40,13,130,481,752,662,426,306,247,305,199,85,20,0,3,2,4125,87,51,28,172,564,758,761,483,317,279,297,212,91,20,2,1,2,4940,95,61,37,292,832,906,831,534,359,282,303,268,106,25,7,1,1,5700,96,77,36,290,1185,1122,908,572,351,303,299,306,111,27,14,0,3,5076,78,68,38,117,1029,997,806,623,344,286,267,259,113,34,16,0,1,4884,80,79,36,164,854,1038,742,642,365,263,235,251,93,27,13,1,1,5336,99,90,42,210,871,1074,878,703,418,276,256,244,175
"세종특별자치시","남자",1588,8,3,4,19,248,416,308,232,112,96,60,52,20,6,3,0,1,1707,17,4,4,14,221,436,355,227,136,106,86,66,22,9,2,2,0,2133,24,9,5,50,276,527,421,272,177,120,115,84,36,14,0,2,1,2235,46,18,5,61,269,495,412,276,197,133,163,101,44,12,0,2,1,2479,50,33,8,87,321,503,484,313,199,157,163,105,41,12,1,1,1,3009,56,37,9,175,489,612,545,334,227,159,172,125,50,14,4,1,0,3587,57,46,10,172,792,786,612,354,202,170,163,146,55,13,7,0,2,3173,44,36,15,60,675,699,556,382,201,158,146,119,57,15,10,0,0,2941,40,42,18,74,517,711,502,395,204,140,119,121,38,12,7,1,0,3181,50,46,23,109,494,722,596,439,235,141,126,130,70
"세종특별자치시","여자",874,6,6,2,36,156,189,116,82,57,84,70,44,17,5,0,1,3,1012,10,13,0,26,160,201,143,95,74,113,88,58,22,6,2,0,1,1348,19,19,4,54,203,242,216,134,96,119,128,72,34,4,2,1,1,1510,28,22,8,69,212,257,250,150,109,114,142,98,41,8,0,1,1,1646,37,18,20,85,243,255,277,170,118,122,134,107,50,8,1,0,1,1931,39,24,28,117,343,294,286,200,132,123,131,143,56,11,3,0,1,2113,39,31,26,118,393,336,296,218,149,133,136,160,56,14,7,0,1,1903,34,32,23,57,354,298,250,241,143,128,121,140,56,19,6,0,1,1943,40,37,18,90,337,327,240,247,161,123,116,130,55,15,6,0,1,2155,49,44,19,101,377,352,282,264,183,135,130,114,105
"울산광역시","계",22427,492,251,143,297,2352,4625,3822,2542,2319,2076,1678,1083,461,153,68,29,36,25885,657,352,165,338,2315,4959,4510,2982,2655,2430,2214,1480,562,165,51,26,24,26183,726,380,168,385,2204,5051,4647,3003,2446,2454,2275,1618,569,172,35,29,21,23457,717,383,157,376,2003,4425,4270,2721,1943,2120,2118,1408,578,158,28,25,27,20513,607,356,179,332,1791,3708,3843,2498,1637,1862,1773,1240,468,131,36,20,32,20002,531,337,207,364,2031,3393,3635,2441,1609,1685,1686,1373,481,141,34,24,30,20450,521,393,223,438,2270,3474,3652,2505,1655,1591,1613,1359,500,154,45,26,31,17884,449,362,230,274,1798,2861,3260,2405,1530,1340,1397,1216,488,167,53,22,32,16827,408,384,244,197,1578,2544,3007,2463,1548,1173,1318,1215,455,169,72,18,34,18379,417,405,260,238,1543,2841,3385,2839,1811,1181,1373,1229,857
"울산광역시","남자",14628,254,139,65,150,1387,3091,2775,1849,1550,1259,976,675,296,110,31,9,12,16860,349,187,72,187,1402,3341,3251,2150,1798,1440,1253,891,370,120,30,9,10,16626,384,202,73,206,1324,3352,3327,2082,1625,1414,1230,902,352,109,23,11,10,14274,360,208,69,205,1170,2863,2903,1832,1233,1159,1075,737,327,97,13,11,12,12188,308,197,75,195,984,2411,2560,1616,1003,1014,888,587,234,73,20,10,13,11875,258,169,108,203,1222,2222,2377,1601,943,893,864,639,249,79,24,12,12,12338,251,207,114,249,1469,2323,2403,1635,980,847,816,648,255,86,29,14,12,10583,224,189,124,144,1141,1848,2085,1553,898,694,713,576,250,94,28,12,10,9814,207,184,134,90,971,1631,1915,1531,909,599,664,584,236,98,39,9,13,11238,204,200,145,126,987,1964,2308,1858,1080,628,685,602,451
"울산광역시","여자",7799,238,112,78,147,965,1534,1047,693,769,817,702,408,165,43,37,20,24,9025,308,165,93,151,913,1618,1259,832,857,990,961,589,192,45,21,17,14,9557,342,178,95,179,880,1699,1320,921,821,1040,1045,716,217,63,12,18,11,9183,357,175,88,171,833,1562,1367,889,710,961,1043,671,251,61,15,14,15,8325,299,159,104,137,807,1297,1283,882,634,848,885,653,234,58,16,10,19,8127,273,168,99,161,809,1171,1258,840,666,792,822,734,232,62,10,12,18,8112,270,186,109,189,801,1151,1249,870,675,744,797,711,245,68,16,12,19,7301,225,173,106,130,657,1013,1175,852,632,646,684,640,238,73,25,10,22,7013,201,200,110,107,607,913,1092,932,639,574,654,631,219,71,33,9,21,7141,213,205,115,112,556,877,1077,981,731,553,688,627,406
"인천광역시","계",50382,904,509,387,913,5516,10245,9077,5991,5090,3946,3314,2522,1075,400,223,146,124,55323,1188,655,470,1017,5306,10703,10015,6582,5410,4456,4184,3176,1294,446,189,118,114,57669,1465,815,547,1110,4981,10278,10466,7090,5390,4759,4595,3635,1564,536,214,115,109,59103,1996,1106,665,1205,4810,9807,10717,7450,5224,4887,4887,3613,1726,565,217,116,112,62596,2430,1474,872,1438,5012,9539,11335,8295,5299,5243,4873,3956,1711,635,238,126,120,67869,2934,1838,1124,1728,5780,9569,11832,8863,5600,5514,5110,4821,1963,671,269,126,127,72259,3331,2256,1357,2807,6623,9283,11613,9287,6022,5491,5170,5283,2332,800,334,134,136,67648,3318,2404,1414,1502,6266,7994,10905,9246,5946,4952,4808,4945,2441,852,369,151,135,66364,3267,2775,1632,1430,5514,7587,10309,9618,6164,4551,4658,4919,2221,987,426,161,145,71849,3516,2954,1732,1871,6238,8465,10603,10396,7036,4673,4982,4719,4664
"인천광역시","남자",30027,467,281,217,446,3172,6737,6164,4056,2972,1923,1460,1181,517,216,116,60,42,33030,636,355,255,492,3084,7052,6893,4438,3164,2193,1885,1474,650,255,103,62,39,33770,744,433,298,507,2822,6587,7008,4699,3168,2422,2118,1670,770,306,113,70,35,34394,1019,574,356,570,2690,6332,7068,4846,3090,2514,2302,1614,855,336,113,72,43,36353,1247,756,464,684,2803,6125,7352,5377,3185,2724,2346,1829,848,351,132,82,48,39200,1513,932,572,787,3347,6141,7620,5669,3342,2895,2500,2233,989,364,159,80,57,41155,1719,1145,700,1325,3870,5969,7313,5747,3552,2905,2546,2406,1174,431,207,75,71,38152,1695,1248,744,694,3548,4994,6695,5715,3437,2629,2408,2288,1215,466,224,81,71,36904,1703,1388,846,661,2912,4689,6267,5803,3565,2400,2303,2308,1101,540,251,91,76,40196,1824,1464,909,918,3362,5258,6549,6284,4040,2499,2489,2214,2386
"인천광역시","여자",20355,437,228,170,467,2344,3508,2913,1935,2118,2023,1854,1341,558,184,107,86,82,22293,552,300,215,525,2222,3651,3122,2144,2246,2263,2299,1702,644,191,86,56,75,23899,721,382,249,603,2159,3691,3458,2391,2222,2337,2477,1965,794,230,101,45,74,24709,977,532,309,635,2120,3475,3649,2604,2134,2373,2585,1999,871,229,104,44,69,26243,1183,718,408,754,2209,3414,3983,2918,2114,2519,2527,2127,863,284,106,44,72,28669,1421,906,552,941,2433,3428,4212,3194,2258,2619,2610,2588,974,307,110,46,70,31104,1612,1111,657,1482,2753,3314,4300,3540,2470,2586,2624,2877,1158,369,127,59,65,29496,1623,1156,670,808,2718,3000,4210,3531,2509,2323,2400,2657,1226,386,145,70,64,29460,1564,1387,786,769,2602,2898,4042,3815,2599,2151,2355,2611,1120,447,175,70,69,31653,1692,1490,823,953,2876,3207,4054,4112,2996,2174,2493,2505,2278
"전라남도","계",24544,108,63,35,337,4737,5965,4117,2655,2105,1562,1290,946,380,132,45,42,25,28254,140,75,45,321,5066,6777,4850,2981,2423,1952,1700,1174,476,172,43,37,22,30566,186,100,77,334,5075,7543,5397,3145,2478,2084,1879,1408,561,200,50,27,22,31750,230,131,95,380,5223,7751,5652,3387,2417,2098,1982,1421,655,236,42,25,25,31221,207,171,112,440,4876,7690,5632,3608,2283,2007,1865,1368,637,228,58,18,21,33042,217,166,135,707,5034,8144,6076,3903,2398,2058,1824,1417,640,218,62,18,25,34638,233,188,153,590,5202,8533,6507,4257,2526,2115,1820,1511,670,222,68,18,25,32906,234,190,132,260,4319,7986,6633,4470,2596,1953,1704,1419,685,204,77,22,22,32656,319,278,198,362,3788,7575,6746,4727,2733,1909,1631,1378,650,234,80,23,25,38988,282,226,186,607,4457,9205,8343,5834,3366,2005,1770,1473,1234
"전라남도","남자",13436,56,25,14,123,2286,3437,2727,1840,1238,558,468,382,171,67,16,21,7,16464,68,37,18,107,2772,4156,3331,2131,1515,799,685,503,202,91,20,22,7,18457,86,43,39,144,3023,4867,3745,2209,1601,947,731,610,264,101,22,17,8,19300,121,67,45,164,3260,5109,3847,2407,1541,950,766,571,299,107,20,14,12,19003,111,77,53,199,3082,5188,3788,2484,1444,915,671,541,291,107,30,12,10,20786,110,75,71,373,3358,5751,4196,2715,1498,988,670,558,265,106,30,9,13,22223,126,93,70,319,3504,6288,4576,2952,1550,1027,696,590,278,98,37,7,12,21107,128,93,52,112,2880,5918,4667,3079,1608,981,651,512,279,85,41,10,11,20797,172,139,85,207,2406,5593,4778,3215,1731,961,612,480,244,104,46,11,13,26301,154,112,91,344,3147,7097,6301,4121,2184,1039,699,501,511
"전라남도","여자",11108,52,38,21,214,2451,2528,1390,815,867,1004,822,564,209,65,29,21,18,11790,72,38,27,214,2294,2621,1519,850,908,1153,1015,671,274,81,23,15,15,12109,100,57,38,190,2052,2676,1652,936,877,1137,1148,798,297,99,28,10,14,12450,109,64,50,216,1963,2642,1805,980,876,1148,1216,850,356,129,22,11,13,12218,96,94,59,241,1794,2502,1844,1124,839,1092,1194,827,346,121,28,6,11,12256,107,91,64,334,1676,2393,1880,1188,900,1070,1154,859,375,112,32,9,12,12415,107,95,83,271,1698,2245,1931,1305,976,1088,1124,921,392,124,31,11,13,11799,106,97,80,148,1439,2068,1966,1391,988,972,1053,907,406,119,36,12,11,11859,147,139,113,155,1382,1982,1968,1512,1002,948,1019,898,406,130,34,12,12,12687,128,114,95,263,1310,2108,2042,1713,1182,966,1071,972,723
"전라북도","계",23067,192,85,84,420,4957,5663,3562,2159,1629,1435,1262,919,388,150,77,50,35,25086,247,117,75,424,4736,5978,4003,2433,1805,1647,1594,1219,488,170,66,48,36,26194,283,149,104,419,4703,6032,4272,2562,1761,1748,1798,1415,570,215,85,41,37,27320,323,180,112,645,5160,6109,4432,2668,1717,1663,1895,1356,666,208,109,35,42,28588,324,211,114,1140,5803,6044,4654,2768,1669,1698,1760,1354,656,229,93,32,39,31347,373,238,120,1299,7153,6322,5090,3055,1827,1694,1683,1427,688,222,86,29,41,33074,411,246,143,1368,7703,6685,5344,3273,2055,1671,1632,1448,693,244,82,38,38,31288,378,242,158,675,7156,6492,5196,3361,2101,1541,1544,1354,674,242,86,46,42,30331,355,251,167,606,6741,6447,4990,3383,2104,1490,1408,1347,632,234,95,45,36,34941,395,295,201,1190,6949,7828,5973,4082,2406,1500,1517,1386,1219
"전라북도","남자",11912,96,45,43,163,2296,3155,2234,1360,831,497,468,389,187,74,30,20,24,13198,124,66,39,180,2169,3469,2508,1534,942,628,598,551,225,95,29,20,21,13785,147,75,52,192,2271,3479,2620,1584,929,689,679,604,267,110,47,18,22,14392,175,86,55,327,2494,3605,2680,1594,910,669,735,553,313,98,58,16,24,15100,168,108,55,566,2974,3546,2791,1622,891,693,667,536,278,120,47,17,21,16992,197,130,61,689,4024,3746,3037,1783,923,732,617,567,291,110,43,19,23,18300,220,132,70,728,4530,4036,3256,1893,1040,719,611,582,283,118,38,22,22,17294,194,134,79,329,4207,3927,3133,1944,1112,670,582,516,264,110,40,28,25,16678,188,140,84,340,3830,3982,3015,1931,1082,626,541,486,234,104,47,27,21,19989,208,164,101,616,3958,5027,3854,2490,1324,643,597,513,494
"전라북도","여자",11155,96,40,41,257,2661,2508,1328,799,798,938,794,530,201,76,47,30,11,11888,123,51,36,244,2567,2509,1495,899,863,1019,996,668,263,75,37,28,15,12409,136,74,52,227,2432,2553,1652,978,832,1059,1119,811,303,105,38,23,15,12928,148,94,57,318,2666,2504,1752,1074,807,994,1160,803,353,110,51,19,18,13488,156,103,59,574,2829,2498,1863,1146,778,1005,1093,818,378,109,46,15,18,14355,176,108,59,610,3129,2576,2053,1272,904,962,1066,860,397,112,43,10,18,14774,191,114,73,640,3173,2649,2088,1380,1015,952,1021,866,410,126,44,16,16,13994,184,108,79,346,2949,2565,2063,1417,989,871,962,838,410,132,46,18,17,13653,167,111,83,266,2911,2465,1975,1452,1022,864,867,861,398,130,48,18,15,14952,187,131,100,574,2991,2801,2119,1592,1082,857,920,873,725
"제주특별자치도","계",10864,196,226,141,323,2085,2355,1809,1249,870,551,423,333,153,72,39,15,24,14204,340,379,306,417,2456,2742,2188,1588,1244,889,716,529,234,94,38,22,22,16960,479,499,413,557,2643,3271,2479,1820,1456,1154,982,673,326,114,52,19,23,19593,586,585,455,655,3006,3665,2888,2213,1615,1380,1129,750,424,133,61,23,25,21689,571,658,531,707,3108,3954,3369,2700,1852,1575,1156,811,450,129,72,19,27,24841,614,683,625,914,3636,4435,4011,3181,2145,1669,1202,961,481,147,83,28,26,25668,599,766,668,930,3674,4345,4127,3266,2330,1722,1275,1078,516,213,91,39,29,22943,503,672,635,567,2850,3797,3880,3094,2289,1591,1197,992,497,220,89,41,29,20717,393,521,504,453,2199,3549,3531,2930,2310,1487,1126,896,424,228,85,46,35,21592,320,410,443,418,2251,4045,3662,3088,2499,1541,1145,888,882
"제주특별자치도","남자",6311,104,120,58,143,1100,1425,1181,869,551,263,192,146,71,48,20,9,11,8045,177,193,144,179,1360,1566,1382,1018,766,463,348,229,120,52,25,12,11,9526,238,258,197,280,1517,1847,1520,1129,854,607,467,323,168,60,38,11,12,10795,294,309,220,300,1791,2073,1651,1291,905,716,535,352,215,71,48,10,14,11918,292,329,254,330,1875,2370,1914,1479,928,818,569,383,235,67,54,6,15,13907,316,353,308,424,2298,2902,2296,1680,996,850,585,489,242,83,55,15,15,14408,308,393,338,454,2288,2939,2353,1784,1063,852,626,533,250,129,54,26,18,12840,268,341,328,269,1771,2602,2214,1700,1058,740,596,466,252,133,56,30,16,11645,217,262,267,219,1294,2488,2084,1647,1117,648,554,412,206,132,50,30,18,12713,168,199,224,203,1438,2955,2362,1824,1274,642,561,404,459
"제주특별자치도","여자",4553,92,106,83,180,985,930,628,380,319,288,231,187,82,24,19,6,13,6159,163,186,162,238,1096,1176,806,570,478,426,368,300,114,42,13,10,11,7434,241,241,216,277,1126,1424,959,691,602,547,515,350,158,54,14,8,11,8798,292,276,235,355,1215,1592,1237,922,710,664,594,398,209,62,13,13,11,9771,279,329,277,377,1233,1584,1455,1221,924,757,587,428,215,62,18,13,12,10934,298,330,317,490,1338,1533,1715,1501,1149,819,617,472,239,64,28,13,11,11260,291,373,330,476,1386,1406,1774,1482,1267,870,649,545,266,84,37,13,11,10103,235,331,307,298,1079,1195,1666,1394,1231,851,601,526,245,87,33,11,13,9072,176,259,237,234,905,1061,1447,1283,1193,839,572,484,218,96,35,16,17,8879,152,211,219,215,813,1090,1300,1264,1225,899,584,484,423
"충청남도","계",49937,462,198,116,748,8220,11653,9022,5761,4527,3533,2747,1839,675,213,107,63,53,54568,656,273,168,794,7772,12265,9910,6459,4904,4049,3606,2459,846,226,88,46,47,56583,780,381,188,883,8018,12212,10017,6715,4907,4215,3899,2919,994,272,91,43,49,60353,1115,569,260,1249,9042,12344,10613,7117,4792,4324,4280,2955,1177,323,98,49,46,64155,1400,839,434,1597,9459,12594,11337,7886,4973,4654,4178,3219,1083,301,105,48,48,68234,1685,1070,603,1851,10568,12874,11871,8318,5123,4668,4215,3699,1166,315,110,44,54,70675,1858,1307,764,2098,10875,13070,12161,8681,5487,4581,4085,3827,1293,351,129,49,59,64546,1791,1303,837,1334,9019,11706,11389,8451,5375,4176,3682,3497,1363,356,154,48,65,62578,1816,1552,1039,1328,8152,10954,10629,8451,5526,4060,3662,3534,1183,411,167,52,62,71159,1961,1728,1007,1662,9760,13033,12263,9633,6330,4040,3854,3496,2392
"충청남도","남자",30440,239,99,55,299,4348,7487,6380,4179,2917,1757,1256,912,332,84,51,28,17,33687,353,131,82,357,4206,8117,7017,4691,3236,2044,1685,1161,415,104,49,22,17,34780,410,199,90,386,4479,8012,7010,4813,3249,2197,1845,1399,477,126,45,20,23,36970,566,303,129,530,5123,8343,7287,5050,3121,2323,2003,1365,574,158,48,25,22,39226,716,447,231,670,5370,8627,7764,5485,3210,2519,1969,1418,555,146,52,24,23,41625,817,557,321,816,6134,8939,8087,5676,3270,2524,2010,1641,575,152,56,24,26,42805,903,693,404,932,6269,9056,8266,5733,3467,2545,1926,1718,607,167,60,31,28,38828,904,657,440,588,5092,7997,7719,5503,3380,2322,1778,1548,589,177,78,24,32,37063,885,770,548,647,4320,7408,7144,5466,3411,2307,1772,1529,509,201,84,28,34,43124,984,841,511,849,5329,8990,8604,6362,3925,2220,1887,1555,1067
"충청남도","여자",19497,223,99,61,449,3872,4166,2642,1582,1610,1776,1491,927,343,129,56,35,36,20881,303,142,86,437,3566,4148,2893,1768,1668,2005,1921,1298,431,122,39,24,30,21803,370,182,98,497,3539,4200,3007,1902,1658,2018,2054,1520,517,146,46,23,26,23383,549,266,131,719,3919,4001,3326,2067,1671,2001,2277,1590,603,165,50,24,24,24929,684,392,203,927,4089,3967,3573,2401,1763,2135,2209,1801,528,155,53,24,25,26609,868,513,282,1035,4434,3935,3784,2642,1853,2144,2205,2058,591,163,54,20,28,27870,955,614,360,1166,4606,4014,3895,2948,2020,2036,2159,2109,686,184,69,18,31,25718,887,646,397,746,3927,3709,3670,2948,1995,1854,1904,1949,774,179,76,24,33,25515,931,782,491,681,3832,3546,3485,2985,2115,1753,1890,2005,674,210,83,24,28,28035,977,887,496,813,4431,4043,3659,3271,2405,1820,1967,1941,1325
"충청북도","계",27481,233,116,86,471,4817,6194,4677,3065,2284,1936,1666,1179,458,166,57,42,34,30700,308,150,88,467,4627,6908,5336,3474,2576,2330,2096,1526,542,152,54,34,32,32637,405,216,131,537,4604,7177,5645,3711,2571,2474,2351,1888,636,177,45,39,30,35499,580,340,173,740,5459,7651,5957,3976,2632,2462,2548,1945,724,196,57,29,30,36656,685,449,241,866,5591,7691,6415,4310,2684,2557,2371,1888,609,184,59,22,34,39537,847,582,356,1129,6271,7885,6921,4707,2764,2561,2437,2114,660,174,67,26,36,40714,927,714,449,964,6540,7936,7144,4973,3002,2449,2383,2156,744,198,76,25,34,37060,856,683,442,560,5326,7115,6935,4914,2919,2114,2187,1940,734,191,84,24,36,36045,881,748,529,583,4445,6854,6745,5003,3061,2062,2083,2003,668,228,88,27,37,41270,967,788,533,862,5075,8271,7692,5759,3542,2191,2232,2010,1348
"충청북도","남자",16611,117,67,38,195,2632,3906,3266,2234,1414,965,810,621,234,66,21,16,9,18982,148,78,45,209,2618,4502,3794,2500,1619,1216,1036,818,282,71,23,12,11,20135,196,109,69,258,2638,4701,3958,2675,1628,1278,1187,978,337,78,19,16,10,22028,297,173,91,361,3356,5120,4095,2842,1651,1313,1265,944,393,87,21,10,9,22890,353,211,128,457,3528,5207,4433,3013,1663,1360,1175,933,307,83,20,9,10,24753,440,267,184,577,4075,5500,4750,3266,1694,1335,1224,995,326,74,27,10,9,25482,473,358,231,515,4266,5519,4872,3421,1882,1282,1150,1019,349,93,36,8,8,23018,450,338,238,308,3434,4914,4655,3307,1830,1084,1063,930,316,88,44,8,11,22071,467,374,269,301,2696,4775,4542,3281,1927,1055,1017,928,263,111,43,11,11,26264,488,408,261,456,3280,5964,5415,3943,2285,1148,1089,917,610
"충청북도","여자",10870,116,49,48,276,2185,2288,1411,831,870,971,856,558,224,100,36,26,25,11718,160,72,43,258,2009,2406,1542,974,957,1114,1060,708,260,81,31,22,21,12502,209,107,62,279,1966,2476,1687,1036,943,1196,1164,910,299,99,26,23,20,13471,283,167,82,379,2103,2531,1862,1134,981,1149,1283,1001,331,109,36,19,21,13766,332,238,113,409,2063,2484,1982,1297,1021,1197,1196,955,302,101,39,13,24,14784,407,315,172,552,2196,2385,2171,1441,1070,1226,1213,1119,334,100,40,16,27,15232,454,356,218,449,2274,2417,2272,1552,1120,1167,1233,1137,395,105,40,17,26,14042,406,345,204,252,1892,2201,2280,1607,1089,1030,1124,1010,418,103,40,16,25,13974,414,374,260,282,1749,2079,2203,1722,1134,1007,1066,1075,405,117,45,16,26,15006,479,380,272,406,1795,2307,2277,1816,1257,1043,1143,1093,738
