"행정구역별(시도)","연령별",2016,2016,2016,2016,2016,2016,2016,2016,2016,2016,2016,2016,2016,2016,2016,2017,2017,2017,2017,2017,2017,2017,2017,2017,2017,2017,2017,2017,2017,2017,2018,2018,2018,2018,2018,2018,2018,2018,2018,2018,2018,2018,2018,2018,2018,2019,2019,2019,2019,2019,2019,2019,2019,2019,2019,2019,2019,2019,2019,2019,2020,2020,2020,2020,2020,2020,2020,2020,2020,2020,2020,2020,2020,2020,2020,2021,2021,2021,2021,2021,2021,2021,2021,2021,2021,2021,2021,2021,2021,2021,2022,2022,2022,2022,2022,2022,2022,2022,2022,2022,2022,2022,2022,2022,2022
"행정구역별(시도)","연령별",총 가구원_계,총 가구원_남자,총 가구원_여자,내국인(출생)_계,내국인(출생)_남자,내국인(출생)_여자,내국인(귀화)_계,내국인(귀화)_남자,내국인(귀화)_여자,외국인(결혼이민자)_계,외국인(결혼이민자)_남자,외국인(결혼이민자)_여자,외국인(기타)_계,외국인(기타)_남자,외국인(기타)_여자,총 가구원_계,총 가구원_남자,총 가구원_여자,내국인(출생)_계,내국인(출생)_남자,내국인(출생)_여자,내국인(귀화)_계,내국인(귀화)_남자,내국인(귀화)_여자,외국인(결혼이민자)_계,외국인(결혼이민자)_남자,외국인(결혼이민자)_여자,외국인(기타)_계,외국인(기타)_남자,외국인(기타)_여자,총 가구원_계,총 가구원_남자,총 가구원_여자,내국인(출생)_계,내국인(출생)_남자,내국인(출생)_여자,내국인(귀화)_계,내국인(귀화)_남자,내국인(귀화)_여자,외국인(결혼이민자)_계,외국인(결혼이민자)_남자,외국인(결혼이민자)_여자,외국인(기타)_계,외국인(기타)_남자,외국인(기타)_여자,총 가구원_계,총 가구원_남자,총 가구원_여자,내국인(출생)_계,내국인(출생)_남자,내국인(출생)_여자,내국인(귀화)_계,내국인(귀화)_남자,내국인(귀화)_여자,외국인(결혼이민자)_계,외국인(결혼이민자)_남자,외국인(결혼이민자)_여자,외국인(기타)_계,외국인(기타)_남자,외국인(기타)_여자,총 가구원_계,총 가구원_남자,총 가구원_여자,내국인(출생)_계,내국인(출생)_남자,내국인(출생)_여자,내국인(귀화)_계,내국인(귀화)_남자,내국인(귀화)_여자,외국인(결혼이민자)_계,외국인(결혼이민자)_남자,외국인(결혼이민자)_여자,외국인(기타)_계,외국인(기타)_남자,외국인(기타)_여자,총 가구원_계,총 가구원_남자,총 가구원_여자,내국인(출생)_계,내국인(출생)_남자,내국인(출생)_여자,내국인(귀화)_계,내국인(귀화)_남자,내국인(귀화)_여자,외국인(결혼이민자)_계,외국인(결혼이민자)_남자,외국인(결혼이민자)_여자,외국인(기타)_계,외국인(기타)_남자,외국인(기타)_여자,총 가구원_계,총 가구원_남자,총 가구원_여자,내국인(출생)_계,내국인(출생)_남자,내국인(출생)_여자,내국인(귀화)_계,내국인(귀화)_남자,내국인(귀화)_여자,외국인(결혼이민자)_계,외국인(결혼이민자)_남자,외국인(결혼이민자)_여자,외국인(기타)_계,외국인(기타)_남자,외국인(기타)_여자
"전국","계",963174,456074,507100,595050,368662,226388,158498,32381,126117,158620,28484,130136,51006,26547,24459,963801,457883,505918,588968,369348,219620,168519,34284,134235,159958,30502,129456,46356,23749,22607,1008520,479983,528537,617785,386215,231570,175659,36099,139560,165919,32509,133410,49157,25160,23997,1062423,506229,556194,649864,406195,243669,184466,37123,147343,173085,34312,138773,55008,28599,26409,1093228,519342,573886,678973,422992,255981,197730,40280,157450,173104,35436,137668,43421,20634,22787,1119267,530080,589187,690716,429435,261281,209663,42934,166729,174122,36633,137489,44766,21078,23688,1151004,545744,605260,707291,439392,267899,222440,45512,176928,175365,39013,136352,45908,21827,24081
"전국","0~9세",187024,95649,91375,180210,92247,87963,4010,1940,2070,X,X,X,2804,1462,1342,189575,97011,92564,183342,93936,89406,3986,1922,2064,X,X,X,2247,1153,1094,190387,97334,93053,183191,93732,89459,4335,2123,2212,X,X,X,2861,1479,1382,193089,98731,94358,184725,94578,90147,4713,2281,2432,X,X,X,3651,1872,1779,190114,96991,93123,181873,92907,88966,5694,2775,2919,X,X,X,2547,1309,1238,186931,95277,91654,178038,90917,87121,6236,2991,3245,X,X,X,2657,1369,1288,178753,91124,87629,170183,86883,83300,6280,3040,3240,X,X,X,2290,1201,1089
"전국","10~19세",74874,37606,37268,67645,34540,33105,3883,1743,2140,682,X,682,2664,1323,1341,78646,39624,39022,72177,36929,35248,4235,1901,2334,613,X,612,1621,793,828,93545,47175,46370,86035,44022,42013,4833,2195,2638,746,X,746,1931,958,973,111802,56117,55685,101935,51925,50010,5543,2523,3020,965,X,961,3359,1665,1694,127789,64472,63317,117808,60078,57730,6415,2915,3500,644,X,643,2922,1478,1444,142334,72277,70057,131785,67337,64448,7488,3459,4029,105,X,105,2956,1481,1475,157745,79884,77861,145612,74183,71429,8656,4077,4579,69,X,69,3408,1624,1784
"전국","20~29세",104481,25880,78601,29673,15384,14289,24081,4323,19758,42963,1785,41178,7764,4388,3376,85618,18803,66815,17723,9374,8349,22372,4019,18353,38937,1698,37239,6586,3712,2874,82177,18989,63188,20861,10194,10667,18748,3597,15151,36158,1636,34522,6410,3562,2848,80081,19453,60628,20882,11153,9729,18529,3156,15373,34380,1640,32740,6290,3504,2786,85416,23143,62273,30343,15843,14500,17026,3015,14011,33080,1636,31444,4967,2649,2318,84489,24881,59608,34230,18011,16219,15776,2843,12933,29672,1543,28129,4811,2484,2327,83744,26912,56832,39394,20132,19262,14743,2656,12087,24493,1362,23131,5114,2762,2352
"전국","30~39세",160695,56882,103813,52206,36730,15476,48332,5820,42512,52619,9300,43319,7538,5032,2506,162707,53654,109053,45466,31928,13538,53241,6497,46744,56257,10256,46001,7743,4973,2770,171022,54962,116060,46112,31506,14606,56130,6962,49168,59958,10992,48966,8822,5502,3320,177744,55916,121828,45578,31196,14382,59925,7346,52579,62697,11525,51172,9544,5849,3695,183330,55371,127959,44285,30090,14195,63980,7949,56031,67424,12867,54557,7641,4465,3176,185600,54320,131280,42312,28227,14085,66335,8175,58160,69090,13292,55798,7863,4626,3237,183167,53225,129942,40882,27076,13806,66832,8104,58728,67768,13325,54443,7685,4720,2965
"전국","40~49세",190904,116482,74422,109432,94749,14683,39223,8206,31017,33956,8734,25222,8293,4793,3500,192452,116815,75637,109207,94881,14326,41611,8527,33084,34111,9112,24999,7523,4295,3228,195018,115826,79192,108033,93431,14602,43787,8490,35297,35514,9415,26099,7684,4490,3194,199794,115723,84071,109080,92688,16392,45221,8443,36778,37393,9685,27708,8100,4907,3193,197727,111181,86546,106434,89438,16996,47559,8487,39072,37718,9893,27825,6016,3363,2653,196599,105726,90873,101066,83649,17417,49887,8473,41414,39653,10273,29380,5993,3331,2662,198733,101750,96983,96066,78506,17560,53871,8757,45114,42793,11120,31673,6003,3367,2636
"전국","50~59세",132083,75347,56736,71436,56659,14777,25730,6528,19202,22544,6267,16277,12373,5893,6480,135349,80727,54622,73702,61865,11837,27464,7035,20429,23642,6760,16882,10541,5067,5474,148130,89958,58172,82039,69797,12242,29720,7666,22054,25574,7221,18353,10797,5274,5523,161028,99122,61906,90244,77276,12968,31188,8157,23031,27909,7645,20264,11687,6044,5643,165788,104431,61357,98565,84769,13796,33847,8849,24998,25151,7102,18049,8225,3711,4514,176033,110938,65095,103467,89658,13809,37837,9883,27954,26132,7448,18684,8597,3949,4648,188948,118729,70219,110519,95978,14541,41601,10514,31087,28096,8188,19908,8732,4049,4683
"전국","60세이상",113113,48228,64885,84448,38353,46095,13239,3821,9418,5856,2398,3458,9570,3656,5914,119454,51249,68205,87351,40435,46916,15610,4383,11227,6398,2675,3723,10095,3756,6339,128241,55739,72502,91514,43533,47981,18106,5066,13040,7969,3245,4724,10652,3895,6757,138885,61167,77718,97420,47379,50041,19347,5217,14130,9741,3813,5928,12377,4758,7619,143064,63753,79311,99665,49867,49798,23209,6290,16919,9087,3937,5150,11103,3659,7444,147281,66661,80620,99818,51636,48182,26104,7110,18994,9470,4077,5393,11889,3838,8051,159914,74120,85794,104635,56634,48001,30457,8364,22093,12146,5018,7128,12676,4104,8572
"읍부","계",111308,53256,58052,74060,47369,26691,15404,1784,13620,17584,1984,15600,4260,2119,2141,115603,55365,60238,76231,49138,27093,16895,1940,14955,18300,2258,16042,4177,2029,2148,125125,60075,65050,82987,53252,29735,18281,2146,16135,19582,2601,16981,4275,2076,2199,133789,64102,69687,88220,56659,31561,19928,2253,17675,20737,2852,17885,4904,2338,2566,141168,67529,73639,93126,59845,33281,21900,2651,19249,21647,3113,18534,4495,1920,2575,147451,70294,77157,96552,61882,34670,23826,2991,20835,22279,3372,18907,4794,2049,2745,149853,71649,78204,97265,62445,34820,25497,3254,22243,21853,3576,18277,5238,2374,2864
"읍부","0~9세",24697,12540,12157,24127,12269,11858,370,158,212,X,X,X,200,113,87,25395,12849,12546,24855,12600,12255,375,167,208,X,X,X,165,82,83,26441,13355,13086,25787,13052,12735,410,184,226,X,X,X,244,119,125,26908,13519,13389,26150,13182,12968,430,194,236,X,X,X,328,143,185,27057,13607,13450,26219,13216,13003,542,259,283,X,X,X,296,132,164,26997,13563,13434,26072,13112,12960,611,299,312,X,X,X,314,152,162,25530,12886,12644,24597,12413,12184,647,331,316,X,X,X,286,142,144
"읍부","10~19세",9688,4902,4786,9043,4673,4370,287,109,178,105,X,105,253,120,133,10394,5261,5133,9796,5053,4743,337,133,204,95,X,95,166,75,91,12771,6425,6346,12081,6190,5891,394,161,233,118,X,118,178,74,104,15625,7781,7844,14621,7419,7202,469,197,272,157,X,156,378,164,214,18286,9221,9065,17226,8793,8433,586,251,335,100,X,100,374,177,197,20771,10517,10254,19685,10035,9650,708,309,399,9,X,9,369,173,196,22741,11466,11275,21439,10907,10532,834,356,478,11,X,11,457,203,254
"읍부","20~29세",11995,2302,9693,2627,1478,1149,2828,273,2555,5939,169,5770,601,382,219,10746,1846,8900,1931,1068,863,2733,271,2462,5511,149,5362,571,358,213,10636,1983,8653,2448,1198,1250,2310,262,2048,5294,167,5127,584,356,228,10467,2116,8351,2425,1343,1082,2401,226,2175,5016,170,4846,625,377,248,10923,2508,8415,3353,1873,1480,2175,232,1943,4900,143,4757,495,260,235,10834,2823,8011,3889,2210,1679,2056,214,1842,4399,147,4252,490,252,238,10458,3071,7387,4383,2413,1970,1963,207,1756,3530,134,3396,582,317,265
"읍부","30~39세",17406,5508,11898,5087,4023,1064,5799,332,5467,5918,715,5203,602,438,164,18440,5273,13167,4555,3613,942,6663,376,6287,6593,859,5734,629,425,204,20452,5604,14848,4952,3729,1223,7450,434,7016,7355,990,6365,695,451,244,21779,5726,16053,4791,3645,1146,8339,497,7842,7864,1101,6763,785,483,302,23274,5754,17520,4478,3382,1096,9255,580,8675,8802,1360,7442,739,432,307,24230,5708,18522,4269,3111,1158,9837,644,9193,9322,1493,7829,802,460,342,23846,5543,18303,3954,2851,1103,9996,611,9385,9057,1531,7526,839,550,289
"읍부","40~49세",22015,14654,7361,14437,13231,1206,3514,438,3076,3315,607,2708,749,378,371,22977,15158,7819,14910,13651,1259,3867,466,3401,3457,665,2792,743,376,367,23918,15408,8510,15111,13790,1321,4354,492,3862,3741,756,2985,712,370,342,24896,15547,9349,15328,13827,1501,4692,519,4173,4159,824,3335,717,377,340,25233,15263,9970,15170,13587,1583,5117,550,4567,4312,834,3478,634,292,342,25546,14635,10911,14527,12864,1663,5661,596,5065,4696,878,3818,662,297,365,25517,13775,11742,13431,11813,1618,6328,672,5656,5043,951,4092,715,339,376
"읍부","50~59세",13456,8498,4958,8678,7429,1249,1747,266,1481,1926,355,1571,1105,448,657,14802,9707,5095,9641,8545,1096,1942,309,1633,2182,427,1755,1037,426,611,16922,11342,5580,11264,10104,1160,2234,355,1879,2473,486,1987,951,397,554,18997,12910,6087,12782,11538,1244,2425,396,2029,2780,534,2246,1010,442,568,20665,14242,6423,14231,12887,1344,2808,488,2320,2720,538,2182,906,329,577,22642,15564,7078,15343,13989,1354,3334,604,2730,2967,583,2384,998,388,610,24197,16595,7602,16256,14872,1384,3780,666,3114,3116,642,2474,1045,415,630
"읍부","60세이상",12051,4852,7199,10061,4266,5795,859,208,651,381,138,243,750,240,510,12849,5271,7578,10543,4608,5935,978,218,760,462,158,304,866,287,579,13985,5958,8027,11344,5189,6155,1129,258,871,601,202,399,911,309,602,15117,6503,8614,12123,5705,6418,1172,224,948,761,222,539,1061,352,709,15730,6934,8796,12449,6107,6342,1417,291,1126,813,238,575,1051,298,753,16431,7484,8947,12767,6561,6206,1619,325,1294,886,271,615,1159,327,832,17564,8313,9251,13205,7176,6029,1949,411,1538,1096,318,778,1314,408,906
"면부","계",133455,64164,69291,94565,59634,34931,15489,1202,14287,19133,1177,17956,4268,2151,2117,135453,65659,69794,96605,61073,35532,16281,1227,15054,18734,1359,17375,3833,2000,1833,135155,65666,69489,97132,61099,36033,16170,1227,14943,18246,1421,16825,3607,1919,1688,137055,66793,70262,98182,62082,36100,16613,1168,15445,18559,1565,16994,3701,1978,1723,136508,66452,70056,98049,62158,35891,17320,1279,16041,18011,1611,16400,3128,1404,1724,135581,66024,69557,96850,61474,35376,18215,1457,16758,17446,1764,15682,3070,1329,1741,135974,66446,69528,96192,61154,35038,19397,1580,17817,16660,1883,14777,3725,1829,1896
"면부","0~9세",29401,15173,14228,28968,14963,14005,312,153,159,X,X,X,121,57,64,29314,15144,14170,28957,14969,13988,252,134,118,X,X,X,105,41,64,27285,14076,13209,26902,13868,13034,252,137,115,X,X,X,131,71,60,25979,13428,12551,25562,13215,12347,249,131,118,X,X,X,168,82,86,24252,12470,11782,23821,12254,11567,308,157,151,X,X,X,123,59,64,22651,11641,11010,22163,11393,10770,333,181,152,X,X,X,155,67,88,20707,10584,10123,20267,10354,9913,316,168,148,X,X,X,124,62,62
"면부","10~19세",10706,5472,5234,10142,5285,4857,252,99,153,117,X,117,195,88,107,12114,6244,5870,11604,6080,5524,280,108,172,119,X,119,111,56,55,14323,7368,6955,13776,7174,6602,294,122,172,111,X,111,142,72,70,16576,8496,8080,15837,8233,7604,322,133,189,148,X,148,269,130,139,18786,9671,9115,18106,9417,8689,354,141,213,95,X,95,231,113,118,20700,10744,9956,20051,10458,9593,398,168,230,15,X,15,236,118,118,22499,11691,10808,21713,11349,10364,475,211,264,14,X,14,297,131,166
"면부","20~29세",14074,2263,11811,2539,1479,1060,3238,176,3062,7497,100,7397,800,508,292,11985,1887,10098,2065,1176,889,2850,172,2678,6450,113,6337,620,426,194,10836,1937,8899,2505,1232,1273,2107,156,1951,5595,98,5497,629,451,178,10100,2022,8078,2383,1352,1031,2030,137,1893,5066,99,4967,621,434,187,9563,2250,7313,3078,1778,1300,1764,137,1627,4315,95,4220,406,240,166,8965,2473,6492,3394,2018,1376,1614,144,1470,3579,99,3480,378,212,166,8664,2767,5897,3871,2197,1674,1481,127,1354,2767,85,2682,545,358,187
"면부","30~39세",17918,5265,12653,5027,4195,832,6142,152,5990,6083,428,5655,666,490,176,18329,4702,13627,4377,3577,800,6935,177,6758,6347,472,5875,670,476,194,18583,4406,14177,4225,3243,982,7192,168,7024,6442,514,5928,724,481,243,19021,4255,14766,3946,3035,911,7694,179,7515,6699,582,6117,682,459,223,18905,3764,15141,3419,2597,822,7990,210,7780,6942,625,6317,554,332,222,18581,3493,15088,3082,2272,810,8089,235,7854,6917,681,6236,493,305,188,17922,3419,14503,2755,2008,747,8001,217,7784,6463,703,5760,703,491,212
"면부","40~49세",23739,16574,7165,16676,15684,992,3278,227,3051,3072,318,2754,713,345,368,23987,16525,7462,16721,15624,1097,3475,226,3249,3158,367,2791,633,308,325,22896,15334,7562,15557,14473,1084,3606,214,3392,3159,358,2801,574,289,285,22195,14464,7731,14737,13593,1144,3610,207,3403,3275,373,2902,573,291,282,21016,13070,7946,13325,12238,1087,3869,220,3649,3328,388,2940,494,224,270,20134,11720,8414,11966,10864,1102,4208,223,3985,3505,431,3074,455,202,253,19667,10636,9031,10720,9656,1064,4735,241,4494,3653,463,3190,559,276,283
"면부","50~59세",16314,11111,5203,11673,10233,1440,1559,214,1345,1926,204,1722,1156,460,696,17657,12374,5283,12754,11432,1322,1682,226,1456,2156,257,1899,1065,459,606,18941,13508,5433,13965,12639,1326,1802,233,1569,2337,276,2061,837,360,477,20339,14621,5718,15057,13717,1340,1842,221,1621,2642,314,2328,798,369,429,21361,15545,5816,16056,14765,1291,2055,231,1824,2544,292,2252,706,257,449,21995,15965,6030,16290,15118,1172,2437,288,2149,2573,306,2267,695,253,442,23220,16627,6593,16812,15636,1176,2927,329,2598,2703,343,2360,778,319,459
"면부","60세이상",21303,8306,12997,19540,7795,11745,708,181,527,438,127,311,617,203,414,22067,8783,13284,20127,8215,11912,807,184,623,504,150,354,629,234,395,22291,9037,13254,20202,8470,11732,917,197,720,602,175,427,570,195,375,22845,9507,13338,20660,8937,11723,866,160,706,729,197,532,590,213,377,22625,9682,12943,20244,9109,11135,980,183,797,787,211,576,614,179,435,22555,9988,12567,19904,9351,10553,1136,218,918,857,247,610,658,172,486,23295,10722,12573,20054,9954,10100,1462,287,1175,1060,289,771,719,192,527
"동부","계",718411,338654,379757,426425,261659,164766,127605,29395,98210,121903,25323,96580,42478,22277,20201,712745,336859,375886,416132,259137,156995,135343,31117,104226,122924,26885,96039,38346,19720,18626,748240,354242,393998,437666,271864,165802,141208,32726,108482,128091,28487,99604,41275,21165,20110,791579,375334,416245,463462,287454,176008,147925,33702,114223,133789,29895,103894,46403,24283,22120,815552,385361,430191,487798,300989,186809,158510,36350,122160,133446,30712,102734,35798,17310,18488,836235,393762,442473,497314,306079,191235,167622,38486,129136,134397,31497,102900,36902,17700,19202,865177,407649,457528,513834,315793,198041,177546,40678,136868,136852,33554,103298,36945,17624,19321
"동부","0~9세",132926,67936,64990,127115,65015,62100,3328,1629,1699,X,X,X,2483,1292,1191,134866,69018,65848,129530,66367,63163,3359,1621,1738,X,X,X,1977,1030,947,136661,69903,66758,130502,66812,63690,3673,1802,1871,X,X,X,2486,1289,1197,140202,71784,68418,133013,68181,64832,4034,1956,2078,X,X,X,3155,1647,1508,138805,70914,67891,131833,67437,64396,4844,2359,2485,X,X,X,2128,1118,1010,137283,70073,67210,129803,66412,63391,5292,2511,2781,X,X,X,2188,1150,1038,132516,67654,64862,125319,64116,61203,5317,2541,2776,X,X,X,1880,997,883
"동부","10~19세",54480,27232,27248,48460,24582,23878,3344,1535,1809,460,X,460,2216,1115,1101,56138,28119,28019,50777,25796,24981,3618,1660,1958,399,X,398,1344,662,682,66451,33382,33069,60178,30658,29520,4145,1912,2233,517,X,517,1611,812,799,79601,39840,39761,71477,36273,35204,4752,2193,2559,660,X,657,2712,1371,1341,90717,45580,45137,82476,41868,40608,5475,2523,2952,449,X,448,2317,1188,1129,100863,51016,49847,92049,46844,45205,6382,2982,3400,81,X,81,2351,1190,1161,112505,56727,55778,102460,51927,50533,7347,3510,3837,44,X,44,2654,1290,1364
"동부","20~29세",78412,21315,57097,24507,12427,12080,18015,3874,14141,29527,1516,28011,6363,3498,2865,62887,15070,47817,13727,7130,6597,16789,3576,13213,26976,1436,25540,5395,2928,2467,60705,15069,45636,15908,7764,8144,14331,3179,11152,25269,1371,23898,5197,2755,2442,59514,15315,44199,16074,8458,7616,14098,2793,11305,24298,1371,22927,5044,2693,2351,64930,18385,46545,23912,12192,11720,13087,2646,10441,23865,1398,22467,4066,2149,1917,64690,19585,45105,26947,13783,13164,12106,2485,9621,21694,1297,20397,3943,2020,1923,64622,21074,43548,31140,15522,15618,11299,2322,8977,18196,1143,17053,3987,2087,1900
"동부","30~39세",125371,46109,79262,42092,28512,13580,36391,5336,31055,40618,8157,32461,6270,4104,2166,125938,43679,82259,36534,24738,11796,39643,5944,33699,43317,8925,34392,6444,4072,2372,131987,44952,87035,36935,24534,12401,41488,6360,35128,46161,9488,36673,7403,4570,2833,136944,45935,91009,36841,24516,12325,43892,6670,37222,48134,9842,38292,8077,4907,3170,141151,45853,95298,36388,24111,12277,46735,7159,39576,51680,10882,40798,6348,3701,2647,142789,45119,97670,34961,22844,12117,48409,7296,41113,52851,11118,41733,6568,3861,2707,141399,44263,97136,34173,22217,11956,48835,7276,41559,52248,11091,41157,6143,3679,2464
"동부","40~49세",145150,85254,59896,78319,65834,12485,32431,7541,24890,27569,7809,19760,6831,4070,2761,145488,85132,60356,77576,65606,11970,34269,7835,26434,27496,8080,19416,6147,3611,2536,148204,85084,63120,77365,65168,12197,35827,7784,28043,28614,8301,20313,6398,3831,2567,152703,85712,66991,79015,65268,13747,36919,7717,29202,29959,8488,21471,6810,4239,2571,151478,82848,68630,77939,63613,14326,38573,7717,30856,30078,8671,21407,4888,2847,2041,150919,79371,71548,74573,59921,14652,40018,7654,32364,31452,8964,22488,4876,2832,2044,153549,77339,76210,71915,57037,14878,42808,7844,34964,34097,9706,24391,4729,2752,1977
"동부","50~59세",102313,55738,46575,51085,38997,12088,22424,6048,16376,18692,5708,12984,10112,4985,5127,102890,58646,44244,51307,41888,9419,23840,6500,17340,19304,6076,13228,8439,4182,4257,112267,65108,47159,56810,47054,9756,25684,7078,18606,20764,6459,14305,9009,4517,4492,121692,71591,50101,62405,52021,10384,26921,7540,19381,22487,6797,15690,9879,5233,4646,123762,74644,49118,68278,57117,11161,28984,8130,20854,19887,6272,13615,6613,3125,3488,131396,79409,51987,71834,60551,11283,32066,8991,23075,20592,6559,14033,6904,3308,3596,141531,85507,56024,77451,65470,11981,34894,9519,25375,22277,7203,15074,6909,3315,3594
"동부","60세이상",79759,35070,44689,54847,26292,28555,11672,3432,8240,5037,2133,2904,8203,3213,4990,84538,37195,47343,56681,27612,29069,13825,3981,9844,5432,2367,3065,8600,3235,5365,91965,40744,51221,59968,29874,30094,16060,4611,11449,6766,2868,3898,9171,3391,5780,100923,45157,55766,64637,32737,31900,17309,4833,12476,8251,3394,4857,10726,4193,6533,104709,47137,57572,66972,34651,32321,20812,5816,14996,7487,3488,3999,9438,3182,6256,108295,49189,59106,67147,35724,31423,23349,6567,16782,7727,3559,4168,10072,3339,6733,119055,55085,63970,71376,39504,31872,27046,7666,19380,9990,4411,5579,10643,3504,7139
"서울특별시","계",188450,87849,100601,97490,56694,40796,40587,12305,28282,32988,9478,23510,17385,9372,8013,179426,83688,95738,91480,53778,37702,41441,12592,28849,31929,9709,22220,14576,7609,6967,183149,85556,97593,93868,55046,38822,41767,12723,29044,32513,9879,22634,15001,7908,7093,189010,88654,100356,97409,57041,40368,41928,12664,29264,33149,9982,23167,16524,8967,7557,187239,87477,99762,101818,59068,42750,43447,13060,30387,31527,10024,21503,10447,5325,5122,187022,86951,100071,101146,58403,42743,44471,13280,31191,30984,10029,20955,10421,5239,5182,190458,88510,101948,103655,59737,43918,45501,13531,31970,31692,10417,21275,9610,4825,4785
"서울특별시","0~9세",28035,14160,13875,25995,13146,12849,1091,523,568,X,X,X,949,491,458,27888,14027,13861,26138,13162,12976,1061,510,551,X,X,X,689,355,334,27660,13950,13710,25816,13027,12789,1088,533,555,X,X,X,756,390,366,28018,14255,13763,26012,13231,12781,1088,533,555,X,X,X,918,491,427,26927,13680,13247,25217,12812,12405,1215,597,618,X,X,X,495,271,224,25956,13153,12803,24252,12313,11939,1214,578,636,X,X,X,490,262,228,24427,12444,11983,22939,11690,11249,1100,531,569,X,X,X,388,223,165
"서울특별시","10~19세",12498,6249,6249,10549,5328,5221,1188,547,641,55,X,55,706,374,332,12437,6187,6250,10643,5375,5268,1302,611,691,46,X,46,446,201,245,14220,7118,7102,12208,6174,6034,1446,677,769,61,X,61,505,267,238,16367,8201,8166,13930,7031,6899,1603,754,849,87,X,85,747,414,333,18374,9227,9147,15961,8066,7895,1764,838,926,61,X,61,588,323,265,19681,9908,9773,17132,8663,8469,1958,937,1021,6,X,6,585,308,277,21583,10798,10785,18797,9428,9369,2184,1060,1124,7,X,7,595,310,285
"서울특별시","20~29세",18112,6191,11921,6425,3126,3299,4312,1335,2977,4861,424,4437,2514,1306,1208,13693,4310,9383,3422,1733,1689,3811,1155,2656,4426,403,4023,2034,1019,1015,12791,4080,8711,3670,1790,1880,3199,991,2208,4072,370,3702,1850,929,921,12285,3974,8311,3747,1910,1837,2893,846,2047,3924,351,3573,1721,867,854,13495,4538,8957,5706,2779,2927,2675,768,1907,3947,378,3569,1167,613,554,13634,4757,8877,6346,3096,3250,2517,718,1799,3659,380,3279,1112,563,549,13654,4897,8757,7222,3408,3814,2331,682,1649,3128,318,2810,973,489,484
"서울특별시","30~39세",32991,13272,19719,11645,6898,4747,8506,1984,6522,10339,2781,7558,2501,1609,892,31966,12566,19400,10262,5998,4264,8686,2042,6644,10470,2992,7478,2548,1534,1014,32040,12491,19549,10142,5817,4325,8602,2090,6512,10709,3038,7671,2587,1546,1041,32018,12397,19621,9984,5731,4253,8567,2064,6503,10644,2939,7705,2823,1663,1160,31752,12086,19666,10190,5818,4372,8604,2051,6553,11096,3180,7916,1862,1037,825,30992,11649,19343,9768,5529,4239,8496,1963,6533,10927,3139,7788,1801,1018,783,29834,11159,18675,9592,5439,4153,8043,1820,6223,10563,2946,7617,1636,954,682
"서울특별시","40~49세",37607,19677,17930,15715,11841,3874,10496,3260,7236,8515,2846,5669,2881,1730,1151,36122,18914,17208,15080,11343,3737,10609,3288,7321,8076,2898,5178,2357,1385,972,35700,18468,17232,14835,11088,3747,10470,3102,7368,8065,2833,5232,2330,1445,885,35912,18308,17604,14999,10920,4079,10323,2969,7354,8119,2818,5301,2471,1601,870,34379,17174,17205,14877,10572,4305,10100,2796,7304,7965,2912,5053,1437,894,543,33218,16195,17023,14120,9841,4279,9794,2617,7177,7923,2898,5025,1381,839,542,33047,15659,17388,13717,9352,4365,9850,2533,7317,8276,3033,5243,1204,741,463
"서울특별시","50~59세",33399,16523,16876,12276,8617,3659,9563,2997,6566,7060,2514,4546,4500,2395,2105,30916,15775,15141,11293,8504,2789,9643,3065,6578,6695,2442,4253,3285,1764,1521,32287,16686,15601,11868,9070,2798,9848,3170,6678,6941,2488,4453,3630,1958,1672,33541,17507,16034,12352,9455,2897,9944,3254,6690,7221,2537,4684,4024,2261,1763,31295,16737,14558,13122,10026,3096,10252,3378,6874,5818,2227,3591,2103,1106,997,32118,17176,14942,13304,10171,3133,10825,3570,7255,5820,2281,3539,2169,1154,1015,33561,17988,15573,14186,10863,3323,11112,3619,7493,6288,2464,3824,1975,1042,933
"서울특별시","60세이상",25808,11777,14031,14885,7738,7147,5431,1659,3772,2158,913,1245,3334,1467,1867,26404,11909,14495,14642,7663,6979,6329,1921,4408,2216,974,1242,3217,1351,1866,28451,12763,15688,15329,8080,7249,7114,2160,4954,2665,1150,1515,3343,1373,1970,30869,14012,16857,16385,8763,7622,7510,2244,5266,3154,1335,1819,3820,1670,2150,31017,14035,16982,16745,8995,7750,8837,2632,6205,2640,1327,1313,2795,1081,1714,31423,14113,17310,16224,8790,7434,9667,2897,6770,2649,1331,1318,2883,1095,1788,34352,15565,18787,17202,9557,7645,10881,3286,7595,3430,1656,1774,2839,1066,1773
"부산광역시","계",41170,19485,21685,28318,17380,10938,5149,604,4545,6643,979,5664,1060,522,538,41621,19881,21740,28300,17638,10662,5466,648,4818,6825,1091,5734,1030,504,526,43104,20540,22564,29520,18303,11217,5637,685,4952,6925,1101,5824,1022,451,571,45460,21625,23835,31016,19136,11880,5960,689,5271,7235,1179,6056,1249,621,628,47132,22282,24850,32265,19734,12531,6386,754,5632,7345,1304,6041,1136,490,646,47593,22466,25127,32477,19842,12635,6673,787,5886,7329,1350,5979,1114,487,627,48515,22928,25587,33083,20142,12941,7015,828,6187,7200,1435,5765,1217,523,694
"부산광역시","0~9세",8605,4399,4206,8425,4305,4120,117,61,56,X,X,X,63,33,30,8887,4586,4301,8714,4494,4220,127,68,59,X,X,X,46,24,22,8959,4571,4388,8763,4467,4296,133,69,64,X,X,X,63,35,28,8959,4539,4420,8750,4446,4304,144,62,82,X,X,X,65,31,34,8789,4416,4373,8567,4313,4254,148,69,79,X,X,X,74,34,40,8580,4320,4260,8339,4214,4125,166,74,92,X,X,X,75,32,43,8170,4104,4066,7947,4016,3931,159,65,94,X,X,X,64,23,41
"부산광역시","10~19세",2970,1491,1479,2688,1374,1314,134,64,70,41,X,41,107,53,54,3218,1633,1585,2986,1535,1451,135,63,72,30,X,30,67,35,32,3818,1933,1885,3568,1827,1741,146,74,72,41,X,41,63,32,31,4711,2343,2368,4356,2200,2156,157,81,76,49,X,49,149,62,87,5500,2744,2756,5165,2603,2562,179,90,89,36,X,36,120,51,69,6082,3061,3021,5774,2918,2856,205,98,107,X,X,X,99,45,54,6790,3407,3383,6440,3235,3205,226,116,110,X,X,X,122,56,66
"부산광역시","20~29세",5063,1042,4021,1517,777,740,1037,104,933,2342,59,2283,167,102,65,4175,725,3450,875,464,411,995,108,887,2142,63,2079,163,90,73,3945,723,3222,981,485,496,855,99,756,1945,57,1888,164,82,82,3856,766,3090,922,487,435,926,97,829,1821,75,1746,187,107,80,4175,998,3177,1422,715,707,879,103,776,1688,87,1601,186,93,93,4025,1047,2978,1574,783,791,805,95,710,1462,76,1386,184,93,91,3919,1170,2749,1832,922,910,707,85,622,1169,52,1117,211,111,100
"부산광역시","30~39세",6696,2299,4397,2555,1720,835,1766,109,1657,2260,396,1864,115,74,41,6845,2140,4705,2240,1488,752,1947,122,1825,2507,426,2081,151,104,47,7140,2103,5037,2230,1467,763,2082,130,1952,2671,422,2249,157,84,73,7358,2115,5243,2206,1451,755,2243,133,2110,2742,433,2309,167,98,69,7701,2093,5608,2067,1358,709,2478,153,2325,2996,488,2508,160,94,66,7822,2058,5764,1982,1281,701,2570,151,2419,3105,525,2580,165,101,64,7684,2013,5671,1902,1224,678,2602,154,2448,2995,524,2471,185,111,74
"부산광역시","40~49세",7906,5127,2779,5297,4612,685,1204,116,1088,1236,311,925,169,88,81,8115,5226,2889,5380,4679,701,1277,123,1154,1302,352,950,156,72,84,8186,5163,3023,5350,4606,744,1346,133,1213,1351,357,994,139,67,72,8406,5130,3276,5373,4535,838,1357,127,1230,1513,374,1139,163,94,69,8280,4903,3377,5177,4307,870,1432,127,1305,1533,408,1125,138,61,77,8131,4599,3532,4862,3980,882,1527,139,1388,1618,413,1205,124,67,57,8113,4258,3855,4548,3610,938,1666,137,1529,1761,451,1310,138,60,78
"부산광역시","50~59세",4817,2950,1867,3314,2601,713,650,101,549,600,135,465,253,113,140,5013,3219,1794,3397,2819,578,697,110,587,665,168,497,254,122,132,5454,3555,1899,3762,3174,588,743,110,633,715,172,543,234,99,135,6037,3972,2065,4180,3545,635,764,110,654,823,170,653,270,147,123,6337,4253,2084,4512,3864,648,811,115,696,802,187,615,212,87,125,6709,4499,2210,4731,4091,640,908,127,781,852,201,651,218,80,138,7257,4852,2405,5046,4380,666,1070,142,928,915,242,673,226,88,138
"부산광역시","60세이상",5113,2177,2936,4522,1991,2531,241,49,192,164,78,86,186,59,127,5368,2352,3016,4708,2159,2549,288,54,234,179,82,97,193,57,136,5602,2492,3110,4866,2277,2589,332,70,262,202,93,109,202,52,150,6133,2760,3373,5229,2472,2757,369,79,290,287,127,160,248,82,166,6350,2875,3475,5355,2574,2781,459,97,362,290,134,156,246,70,176,6244,2882,3362,5215,2575,2640,492,103,389,288,135,153,249,69,180,6582,3124,3458,5368,2755,2613,585,129,456,358,166,192,271,74,197
"대구광역시","계",28274,13181,15093,19142,11727,7415,3589,383,3206,4725,692,4033,818,379,439,28911,13572,15339,19458,12065,7393,3845,412,3433,4881,757,4124,727,338,389,30201,14199,16002,20449,12667,7782,3990,430,3560,5091,793,4298,671,309,362,32222,15189,17033,21790,13523,8267,4304,441,3863,5334,864,4470,794,361,433,33373,15663,17710,22521,13970,8551,4640,471,4169,5436,912,4524,776,310,466,33881,15834,18047,22831,14113,8718,4871,485,4386,5396,916,4480,783,320,463,35028,16471,18557,23575,14560,9015,5209,539,4670,5383,991,4392,861,381,480
"대구광역시","0~9세",6091,2991,3100,5947,2925,3022,103,48,55,X,X,X,41,18,23,6374,3172,3202,6233,3102,3131,108,49,59,X,X,X,33,21,12,6339,3154,3185,6185,3084,3101,113,51,62,X,X,X,41,19,22,6497,3263,3234,6305,3180,3125,125,53,72,X,X,X,67,30,37,6325,3194,3131,6138,3113,3025,131,55,76,X,X,X,56,26,30,6279,3203,3076,6074,3109,2965,134,60,74,X,X,X,71,34,37,6077,3121,2956,5874,3027,2847,131,58,73,X,X,X,72,36,36
"대구광역시","10~19세",2157,1069,1088,1981,986,995,67,33,34,27,X,27,82,50,32,2380,1136,1244,2234,1078,1156,72,36,36,33,X,33,41,22,19,2911,1393,1518,2754,1330,1424,91,44,47,28,X,28,38,19,19,3522,1678,1844,3281,1589,1692,114,50,64,44,X,44,83,39,44,4093,1977,2116,3857,1889,1968,141,56,85,27,X,27,68,32,36,4480,2187,2293,4258,2096,2162,146,56,90,6,X,6,70,35,35,5011,2436,2575,4733,2320,2413,182,76,106,X,X,X,94,40,54
"대구광역시","20~29세",3675,695,2980,932,482,450,795,66,729,1800,69,1731,148,78,70,3036,495,2541,554,315,239,739,65,674,1651,59,1592,92,56,36,2862,487,2375,639,316,323,594,57,537,1527,64,1463,102,50,52,2812,533,2279,668,360,308,608,63,545,1443,61,1382,93,49,44,2974,638,2336,974,506,468,559,57,502,1338,38,1300,103,37,66,2949,722,2227,1140,582,558,514,56,458,1194,44,1150,101,40,61,2951,801,2150,1325,654,671,510,49,461,990,37,953,126,61,65
"대구광역시","30~39세",4848,1547,3301,1612,1128,484,1422,54,1368,1706,310,1396,108,55,53,4970,1415,3555,1387,969,418,1620,67,1553,1883,336,1547,80,43,37,5388,1493,3895,1470,1033,437,1749,66,1683,2080,344,1736,89,50,39,5786,1605,4181,1526,1090,436,1948,68,1880,2210,388,1822,102,59,43,6010,1566,4444,1397,1005,392,2112,70,2042,2401,430,1971,100,61,39,6012,1457,4555,1262,884,378,2196,67,2129,2445,438,2007,109,68,41,6006,1477,4529,1256,890,366,2198,69,2129,2451,451,2000,101,67,34
"대구광역시","40~49세",5556,3756,1800,3885,3431,454,790,81,709,769,191,578,112,53,59,5840,3942,1898,4024,3572,452,846,86,760,853,228,625,117,56,61,5899,3864,2035,3921,3471,450,941,99,842,938,246,692,99,48,51,6126,3872,2254,3996,3470,526,985,94,891,1033,252,781,112,56,56,5995,3664,2331,3791,3252,539,1065,95,970,1040,277,763,99,40,59,5958,3429,2529,3592,3034,558,1164,94,1070,1107,257,850,95,44,51,6009,3254,2755,3374,2808,566,1311,103,1208,1221,296,925,103,47,56
"대구광역시","50~59세",2909,1881,1028,2078,1653,425,291,69,222,339,83,256,201,76,125,3130,2119,1011,2206,1855,351,327,75,252,375,99,276,222,90,132,3529,2459,1070,2574,2205,369,359,73,286,418,104,314,178,77,101,3967,2778,1189,2938,2514,424,359,64,295,484,120,364,186,80,106,4366,3078,1288,3257,2823,434,430,75,355,492,112,380,187,68,119,4637,3283,1354,3449,3021,428,496,81,415,514,122,392,178,59,119,5088,3628,1460,3762,3312,450,599,95,504,542,144,398,185,77,108
"대구광역시","60세이상",3038,1242,1796,2707,1122,1585,121,32,89,84,39,45,126,49,77,3181,1293,1888,2820,1174,1646,133,34,99,86,35,51,142,50,92,3273,1349,1924,2906,1228,1678,143,40,103,100,35,65,124,46,78,3512,1460,2052,3076,1320,1756,165,49,116,120,43,77,151,48,103,3610,1546,2064,3107,1382,1725,202,63,139,138,55,83,163,46,117,3566,1553,2013,3056,1387,1669,221,71,150,130,55,75,159,40,119,3886,1754,2132,3251,1549,1702,278,89,189,177,63,114,180,53,127
"인천광역시","계",60005,28564,31441,36019,22342,13677,11060,2594,8466,9830,2021,7809,3096,1607,1489,60809,28916,31893,35312,22184,13128,12440,3015,9425,10116,2263,7853,2941,1454,1487,65112,31079,34033,37310,23456,13854,13480,3380,10100,10840,2485,8355,3482,1758,1724,70222,33508,36714,40058,25049,15009,14583,3687,10896,11500,2686,8814,4081,2086,1995,73298,34824,38474,41990,26162,15828,16014,4128,11886,11740,2797,8943,3554,1737,1817,76765,36483,40282,43403,27091,16312,17287,4547,12740,12197,2951,9246,3878,1894,1984,80587,38256,42331,45089,28120,16969,18790,4947,13843,12638,3246,9392,4070,1943,2127
"인천광역시","0~9세",10974,5719,5255,10496,5465,5031,316,159,157,X,X,X,162,95,67,11244,5811,5433,10730,5557,5173,352,174,178,X,X,X,162,80,82,11615,5986,5629,10941,5650,5291,422,215,207,X,X,X,252,121,131,12167,6275,5892,11333,5863,5470,478,232,246,X,X,X,356,180,176,12205,6305,5900,11330,5868,5462,635,309,326,X,X,X,240,128,112,12268,6347,5921,11261,5834,5427,751,366,385,X,X,X,256,147,109,12131,6258,5873,11146,5765,5381,785,380,405,X,X,X,200,113,87
"인천광역시","10~19세",4980,2442,2538,4439,2189,2250,322,153,169,30,X,30,189,100,89,5230,2599,2631,4731,2371,2360,356,167,189,25,X,25,118,61,57,6073,3061,3012,5478,2792,2686,416,200,216,44,X,44,135,69,66,7286,3638,3648,6520,3297,3223,483,236,247,44,X,44,239,105,134,8170,4089,4081,7351,3720,3631,565,268,297,31,X,31,223,101,122,9239,4692,4547,8314,4251,4063,686,320,366,8,X,8,231,121,110,10219,5187,5032,9146,4676,4470,800,377,423,6,X,6,267,134,133
"인천광역시","20~29세",6412,1975,4437,2110,1094,1016,1501,392,1109,2263,161,2102,538,328,210,5289,1463,3826,1233,634,599,1527,406,1121,2072,158,1914,457,265,192,5274,1496,3778,1439,720,719,1376,369,1007,1974,130,1844,485,277,208,5302,1507,3795,1508,764,744,1339,318,1021,1949,138,1811,506,287,219,5717,1714,4003,2123,1041,1082,1232,309,923,1946,128,1818,416,236,180,5712,1822,3890,2432,1227,1205,1070,273,797,1810,108,1702,400,214,186,5775,1954,3821,2820,1369,1451,1022,265,757,1512,86,1426,421,234,187
"인천광역시","30~39세",10663,3900,6763,3487,2400,1087,3259,521,2738,3480,689,2791,437,290,147,10952,3845,7107,2976,2070,906,3682,671,3011,3801,779,3022,493,325,168,11717,4169,7548,3078,2097,981,3911,770,3141,4070,866,3204,658,436,222,12393,4392,8001,3096,2111,985,4243,870,3373,4306,925,3381,748,486,262,12943,4458,8485,2991,2025,966,4661,977,3684,4621,1039,3582,670,417,253,13577,4610,8967,2954,1978,976,4965,1068,3897,4873,1086,3787,785,478,307,13754,4664,9090,2940,1963,977,5106,1093,4013,4966,1154,3812,742,454,288
"인천광역시","40~49세",12247,7007,5240,6522,5462,1060,3027,663,2364,2256,599,1657,442,283,159,12481,7071,5410,6439,5442,997,3325,724,2601,2284,646,1638,433,259,174,12989,7153,5836,6395,5370,1025,3594,769,2825,2526,725,1801,474,289,185,13568,7361,6207,6606,5462,1144,3809,802,3007,2627,749,1878,526,348,178,13677,7208,6469,6521,5350,1171,4021,836,3185,2700,750,1950,435,272,163,13942,7152,6790,6391,5190,1201,4173,856,3317,2910,811,2099,468,295,173,14459,7135,7324,6175,4994,1181,4585,928,3657,3188,901,2287,511,312,199
"인천광역시","50~59세",8596,4804,3792,4687,3598,1089,1824,480,1344,1481,441,1040,604,285,319,8893,5150,3743,4743,3852,891,2115,560,1555,1531,501,1030,504,237,267,9992,5837,4155,5259,4351,908,2432,653,1779,1702,537,1165,599,296,303,11083,6464,4619,5766,4774,992,2680,754,1926,1916,578,1338,721,358,363,11532,6826,4706,6195,5158,1037,2957,823,2134,1799,566,1233,581,279,302,12360,7292,5068,6471,5428,1043,3350,950,2400,1933,620,1313,606,294,312,13417,7874,5543,6978,5845,1133,3723,1028,2695,2079,697,1382,637,304,333
"인천광역시","60세이상",6133,2717,3416,4278,2134,2144,811,226,585,320,131,189,724,226,498,6720,2977,3743,4460,2258,2202,1083,313,770,403,179,224,774,227,547,7452,3377,4075,4720,2476,2244,1329,404,925,524,227,297,879,270,609,8423,3871,4552,5229,2778,2451,1551,475,1076,658,296,362,985,322,663,9054,4224,4830,5479,3000,2479,1943,606,1337,643,314,329,989,304,685,9667,4568,5099,5580,3183,2397,2292,714,1578,663,326,337,1132,345,787,10832,5184,5648,5884,3508,2376,2769,876,1893,887,408,479,1292,392,900
"광주광역시","계",20506,9754,10752,13857,8844,5013,2689,228,2461,3281,355,2926,679,327,352,20473,9819,10654,13574,8885,4689,2892,232,2660,3362,412,2950,645,290,355,21393,10286,11107,14378,9334,5044,3023,249,2774,3397,450,2947,595,253,342,22946,10998,11948,15287,9906,5381,3282,246,3036,3623,505,3118,754,341,413,23857,11380,12477,16019,10297,5722,3467,278,3189,3718,546,3172,653,259,394,24332,11570,12762,16267,10429,5838,3658,287,3371,3694,570,3124,713,284,429,25140,11916,13224,16778,10702,6076,3924,313,3611,3683,602,3081,755,299,456
"광주광역시","0~9세",4656,2420,2236,4580,2375,2205,50,30,20,X,X,X,26,15,11,4721,2483,2238,4649,2443,2206,52,27,25,X,X,X,20,13,7,4826,2543,2283,4737,2495,2242,59,31,28,X,X,X,30,17,13,4915,2543,2372,4810,2484,2326,63,35,28,X,X,X,42,24,18,4790,2458,2332,4685,2401,2284,66,37,29,X,X,X,39,20,19,4685,2429,2256,4557,2365,2192,68,36,32,X,X,X,60,28,32,4495,2324,2171,4375,2269,2106,67,31,36,X,X,X,53,24,29
"광주광역시","10~19세",1753,907,846,1634,865,769,48,20,28,23,X,23,48,22,26,1797,943,854,1706,915,791,50,16,34,19,X,19,22,12,10,2125,1099,1026,2021,1065,956,55,19,36,20,X,20,29,15,14,2683,1414,1269,2521,1347,1174,64,25,39,25,X,25,73,42,31,3101,1630,1471,2945,1562,1383,78,35,43,17,X,17,61,33,28,3459,1806,1653,3316,1735,1581,85,42,43,X,X,X,54,29,25,3893,2025,1868,3725,1946,1779,98,52,46,5,X,5,65,27,38
"광주광역시","20~29세",2741,573,2168,767,406,361,641,69,572,1221,33,1188,112,65,47,2226,366,1860,405,225,180,586,61,525,1151,33,1118,84,47,37,2175,402,1773,541,258,283,486,62,424,1057,41,1016,91,41,50,2118,414,1704,478,267,211,542,61,481,993,42,951,105,44,61,2288,528,1760,777,386,391,473,59,414,938,38,900,100,45,55,2318,604,1714,911,463,448,431,50,381,851,37,814,125,54,71,2373,699,1674,1099,544,555,403,46,357,749,44,705,122,65,57
"광주광역시","30~39세",3329,1020,2309,1083,778,305,1091,37,1054,1059,138,921,96,67,29,3415,958,2457,934,694,240,1245,47,1198,1148,162,986,88,55,33,3579,940,2639,928,669,259,1341,49,1292,1234,182,1052,76,40,36,3821,954,2867,898,639,259,1449,48,1401,1368,203,1165,106,64,42,4013,946,3067,828,592,236,1566,58,1508,1536,261,1275,83,35,48,4046,895,3151,750,518,232,1647,61,1586,1565,273,1292,84,43,41,4000,844,3156,690,472,218,1706,70,1636,1529,266,1263,75,36,39
"광주광역시","40~49세",4139,2760,1379,2832,2557,275,577,31,546,617,118,499,113,54,59,4146,2750,1396,2767,2538,229,638,35,603,630,126,504,111,51,60,4184,2695,1489,2723,2491,232,717,35,682,632,118,514,112,51,61,4430,2741,1689,2830,2520,310,788,33,755,688,137,551,124,51,73,4357,2602,1755,2707,2393,314,854,37,817,695,126,569,101,46,55,4275,2419,1856,2511,2208,303,934,41,893,740,139,601,90,31,59,4279,2277,2002,2334,2037,297,1041,45,996,803,158,645,101,37,64
"광주광역시","50~59세",2216,1404,812,1532,1270,262,207,26,181,307,45,262,170,63,107,2414,1592,822,1633,1425,208,236,32,204,355,64,291,190,71,119,2703,1828,875,1879,1650,229,269,39,230,395,82,313,160,57,103,3025,2073,952,2125,1883,242,268,28,240,464,86,378,168,76,92,3284,2290,994,2388,2128,260,303,31,272,454,87,367,139,44,95,3444,2415,1029,2501,2238,263,356,35,321,444,89,355,143,53,90,3805,2619,1186,2710,2429,281,445,36,409,479,94,385,171,60,111
"광주광역시","60세이상",1672,670,1002,1429,593,836,75,15,60,54,21,33,114,41,73,1754,727,1027,1480,645,835,85,14,71,59,27,32,130,41,89,1801,779,1022,1549,706,843,96,14,82,59,27,32,97,32,65,1954,859,1095,1625,766,859,108,16,92,85,37,48,136,40,96,2024,926,1098,1689,835,854,127,21,106,78,34,44,130,36,94,2105,1002,1103,1721,902,819,137,22,115,90,32,58,157,46,111,2295,1128,1167,1845,1005,840,164,33,131,118,40,78,168,50,118
"대전광역시","계",20405,9709,10696,14025,8752,5273,2524,309,2215,3329,417,2912,527,231,296,20348,9749,10599,13747,8729,5018,2746,335,2411,3325,455,2870,530,230,300,21010,10070,10940,14317,9027,5290,2859,351,2508,3329,488,2841,505,204,301,21905,10486,11419,14928,9422,5506,3034,362,2672,3441,481,2960,502,221,281,22850,10899,11951,15636,9800,5836,3209,392,2817,3533,520,3013,472,187,285,23139,11034,12105,15797,9908,5889,3393,409,2984,3463,523,2940,486,194,292,23383,11105,12278,15907,9928,5979,3568,437,3131,3383,540,2843,525,200,325
"대전광역시","0~9세",4415,2256,2159,4336,2218,2118,48,24,24,X,X,X,31,14,17,4506,2307,2199,4431,2273,2158,51,22,29,X,X,X,24,12,12,4469,2285,2184,4387,2244,2143,59,31,28,X,X,X,23,10,13,4549,2304,2245,4445,2252,2193,72,35,37,X,X,X,32,17,15,4444,2226,2218,4337,2171,2166,83,42,41,X,X,X,24,13,11,4276,2167,2109,4169,2115,2054,77,37,40,X,X,X,30,15,15,4027,2015,2012,3908,1963,1945,84,38,46,X,X,X,35,14,21
"대전광역시","10~19세",1622,846,776,1478,790,688,82,38,44,21,X,21,41,18,23,1712,877,835,1598,825,773,79,46,33,18,X,18,17,6,11,2050,1051,999,1930,1000,930,75,38,37,22,X,22,23,13,10,2412,1234,1178,2263,1171,1092,78,39,39,31,X,31,40,24,16,2793,1432,1361,2657,1377,1280,80,37,43,21,X,21,35,18,17,3169,1625,1544,3027,1561,1466,106,50,56,X,X,X,32,14,18,3526,1803,1723,3366,1723,1643,108,54,54,X,X,X,51,26,25
"대전광역시","20~29세",2618,563,2055,860,431,429,514,57,457,1178,36,1142,66,39,27,2042,347,1695,430,232,198,519,57,462,1032,25,1007,61,33,28,1909,350,1559,509,249,260,454,60,394,901,21,880,45,20,25,1862,386,1476,512,288,224,443,59,384,858,18,840,49,21,28,2077,530,1547,776,417,359,405,57,348,843,28,815,53,28,25,2019,565,1454,866,464,402,364,49,315,731,22,709,58,30,28,1942,585,1357,967,487,480,341,51,290,580,21,559,54,26,28
"대전광역시","30~39세",3424,1136,2288,1241,885,356,980,58,922,1153,163,990,50,30,20,3433,1044,2389,1065,765,300,1075,63,1012,1223,178,1045,70,38,32,3503,996,2507,1037,713,324,1141,60,1081,1264,188,1076,61,35,26,3692,1018,2674,1044,735,309,1253,57,1196,1336,189,1147,59,37,22,3792,965,2827,965,659,306,1357,76,1281,1409,202,1207,61,28,33,3822,966,2856,955,646,309,1386,72,1314,1430,221,1209,51,27,24,3728,907,2821,881,587,294,1401,77,1324,1391,207,1184,55,36,19
"대전광역시","40~49세",3925,2611,1314,2724,2385,339,526,56,470,595,131,464,80,39,41,3959,2588,1371,2670,2351,319,584,59,525,622,138,484,83,40,43,3983,2544,1439,2628,2314,314,622,55,567,645,133,512,88,42,46,3921,2432,1489,2528,2199,329,663,61,602,666,138,528,64,34,30,4008,2398,1610,2513,2159,354,724,65,659,710,148,562,61,26,35,3961,2203,1758,2324,1955,369,824,70,754,735,141,594,78,37,41,3914,2056,1858,2189,1805,384,885,70,815,764,150,614,76,31,45
"대전광역시","50~59세",2289,1404,885,1560,1233,327,278,53,225,318,68,250,133,50,83,2460,1601,859,1650,1405,245,315,57,258,351,85,266,144,54,90,2716,1790,926,1838,1565,273,361,70,291,391,109,282,126,46,80,2919,1952,967,2034,1749,285,355,67,288,424,96,328,106,40,66,3067,2105,962,2179,1902,277,365,65,300,431,102,329,92,36,56,3242,2242,1000,2298,2035,263,406,73,333,442,99,343,96,35,61,3484,2380,1104,2406,2155,251,478,78,400,494,118,376,106,29,77
"대전광역시","60세이상",2112,893,1219,1826,810,1016,96,23,73,64,19,45,126,41,85,2236,985,1251,1903,878,1025,123,31,92,79,29,50,131,47,84,2380,1054,1326,1988,942,1046,147,37,110,106,37,69,139,38,101,2550,1160,1390,2102,1028,1074,170,44,126,126,40,86,152,48,104,2669,1243,1426,2209,1115,1094,195,50,145,119,40,79,146,38,108,2650,1266,1384,2158,1132,1026,230,58,172,121,40,81,141,36,105,2762,1359,1403,2190,1208,982,271,69,202,153,44,109,148,38,110
"울산광역시","계",19476,9318,10158,12504,8046,4458,2877,424,2453,3313,435,2878,782,413,369,19479,9381,10098,12493,8143,4350,2940,416,2524,3325,467,2858,721,355,366,19903,9614,10289,12895,8389,4506,3022,414,2608,3350,500,2850,636,311,325,20858,10052,10806,13537,8761,4776,3129,412,2717,3484,531,2953,708,348,360,21384,10317,11067,13962,9053,4909,3373,456,2917,3448,542,2906,601,266,335,21409,10350,11059,13923,9054,4869,3481,474,3007,3381,539,2842,624,283,341,21709,10523,11186,14103,9169,4934,3646,514,3132,3332,552,2780,628,288,340
"울산광역시","0~9세",4198,2127,2071,4082,2064,2018,65,31,34,X,X,X,51,32,19,4186,2137,2049,4089,2090,1999,52,25,27,X,X,X,45,22,23,4049,2069,1980,3951,2025,1926,57,27,30,X,X,X,41,17,24,3974,2007,1967,3870,1957,1913,54,25,29,X,X,X,50,25,25,3901,1980,1921,3795,1924,1871,68,33,35,X,X,X,38,23,15,3756,1898,1858,3643,1843,1800,72,33,39,X,X,X,41,22,19,3527,1760,1767,3412,1708,1704,79,36,43,X,X,X,36,16,20
"울산광역시","10~19세",1463,758,705,1357,722,635,45,18,27,22,X,22,39,18,21,1605,832,773,1500,801,699,47,18,29,22,X,22,36,13,23,1924,1010,914,1818,972,846,51,21,30,21,X,21,34,17,17,2384,1229,1155,2246,1182,1064,61,28,33,28,X,28,49,19,30,2688,1386,1302,2549,1326,1223,78,39,39,16,X,16,45,21,24,2966,1536,1430,2821,1472,1349,91,40,51,X,X,X,52,24,28,3280,1705,1575,3099,1624,1475,120,58,62,X,X,X,60,23,37
"울산광역시","20~29세",2338,460,1878,585,334,251,532,54,478,1141,28,1113,80,44,36,1936,315,1621,358,205,153,437,36,401,1059,31,1028,82,43,39,1742,312,1430,406,208,198,332,34,298,945,37,908,59,33,26,1673,315,1358,408,228,180,306,24,282,895,32,863,64,31,33,1685,390,1295,544,317,227,304,26,278,787,24,763,50,23,27,1633,440,1193,615,363,252,298,29,269,668,23,645,52,25,27,1558,474,1084,695,407,288,254,25,229,559,18,541,50,24,26
"울산광역시","30~39세",3455,1144,2311,1113,870,243,1097,58,1039,1140,145,995,105,71,34,3490,1045,2445,942,741,201,1212,62,1150,1215,162,1053,121,80,41,3623,1021,2602,929,723,206,1298,60,1238,1291,173,1118,105,65,40,3735,1026,2709,895,686,209,1366,67,1299,1377,205,1172,97,68,29,3847,1012,2835,853,652,201,1454,74,1380,1450,232,1218,90,54,36,3753,962,2791,766,593,173,1389,74,1315,1496,237,1259,102,58,44,3604,902,2702,711,539,172,1350,72,1278,1446,234,1212,97,57,40
"울산광역시","40~49세",3957,2647,1310,2558,2282,276,647,124,523,610,156,454,142,85,57,3968,2655,1313,2572,2312,260,668,123,545,609,148,461,119,72,47,3972,2571,1401,2518,2240,278,719,114,605,630,153,477,105,64,41,4104,2569,1535,2529,2248,281,775,102,673,679,147,532,121,72,49,4061,2457,1604,2442,2170,272,822,97,725,691,134,557,106,56,50,3946,2245,1701,2244,1974,270,916,91,825,697,130,567,89,50,39,3917,2102,1815,2112,1829,283,993,93,900,732,131,601,80,49,31
"울산광역시","50~59세",2333,1462,871,1418,1170,248,360,101,259,331,80,251,224,111,113,2377,1584,793,1490,1316,174,376,100,276,347,94,253,164,74,90,2614,1777,837,1680,1494,186,399,105,294,377,102,275,158,76,82,2817,1956,861,1881,1668,213,387,110,277,392,104,288,157,74,83,2969,2090,879,2038,1816,222,441,123,318,375,105,270,115,46,69,3150,2243,907,2145,1954,191,485,130,355,392,101,291,128,58,70,3441,2417,1024,2291,2104,187,566,135,431,444,115,329,140,63,77
"울산광역시","60세이상",1732,720,1012,1391,604,787,131,38,93,69,26,43,141,52,89,1917,813,1104,1542,678,864,148,52,96,73,32,41,154,51,103,1979,854,1125,1593,727,866,166,53,113,86,35,51,134,39,95,2171,950,1221,1708,792,916,180,56,124,113,43,70,170,59,111,2233,1002,1231,1741,848,893,206,64,142,129,47,82,157,43,114,2205,1026,1179,1689,855,834,230,77,153,126,48,78,160,46,114,2382,1163,1219,1783,958,825,284,95,189,150,54,96,165,56,109
"세종특별자치시","계",3605,1720,1885,2446,1518,928,451,56,395,594,97,497,114,49,65,4037,1943,2094,2713,1700,1013,527,67,460,690,122,568,107,54,53,4510,2185,2325,3013,1893,1120,586,78,508,753,131,622,158,83,75,4957,2389,2568,3339,2089,1250,657,90,567,819,144,675,142,66,76,5318,2571,2747,3581,2253,1328,723,103,620,876,166,710,138,49,89,5654,2722,2932,3827,2393,1434,798,105,693,880,171,709,149,53,96,6015,2891,3124,4103,2544,1559,874,111,763,883,173,710,155,63,92
"세종특별자치시","0~9세",814,424,390,793,414,379,15,8,7,X,X,X,6,X,X,902,476,426,885,467,418,13,7,6,X,X,X,X,X,X,984,527,457,955,515,440,12,X,8,X,X,X,17,8,9,1049,540,509,1020,526,494,20,9,11,X,X,X,9,5,X,1073,541,532,1043,530,513,22,9,13,X,X,X,8,X,6,1132,562,570,1098,550,548,23,9,14,X,X,X,11,X,8,1150,576,574,1113,564,549,26,9,17,X,X,X,11,X,8
"세종특별자치시","10~19세",288,137,151,262,127,135,15,5,10,X,X,X,9,5,X,319,152,167,295,142,153,14,6,8,X,X,X,6,X,X,418,192,226,388,182,206,19,7,12,X,X,X,7,X,X,550,262,288,515,251,264,18,6,12,X,X,X,15,5,10,660,331,329,612,317,295,32,12,20,7,X,7,9,X,7,750,389,361,703,370,333,34,14,20,X,X,X,13,5,8,866,440,426,820,421,399,37,16,21,X,X,X,9,X,6
"세종특별자치시","20~29세",376,92,284,115,69,46,76,9,67,177,11,166,8,X,5,355,74,281,93,54,39,83,12,71,174,7,167,5,X,X,366,78,288,102,50,52,74,11,63,177,8,169,13,9,X,369,81,288,110,61,49,69,8,61,182,7,175,8,5,X,416,107,309,160,84,76,61,11,50,183,8,175,12,X,8,426,115,311,169,94,75,75,10,65,167,X,163,15,7,8,449,142,307,219,118,101,80,13,67,134,X,131,16,8,8
"세종특별자치시","30~39세",622,191,431,207,146,61,172,8,164,230,28,202,13,9,X,771,242,529,241,175,66,226,13,213,293,47,246,11,7,X,868,275,593,261,185,76,248,11,237,327,56,271,32,23,9,938,291,647,273,192,81,284,21,263,354,64,290,27,14,13,1007,308,699,277,193,84,310,19,291,396,81,315,24,15,9,1000,297,703,256,179,77,328,19,309,395,89,306,21,10,11,989,284,705,252,169,83,329,18,311,378,81,297,30,16,14
"세종특별자치시","40~49세",656,438,218,442,388,54,96,11,85,104,31,73,14,8,6,743,496,247,498,436,62,107,12,95,121,36,85,17,12,5,827,539,288,533,472,61,131,20,111,140,33,107,23,14,9,907,566,341,571,494,77,152,21,131,166,39,127,18,12,6,907,543,364,557,478,79,167,22,145,172,39,133,11,X,7,969,549,420,584,485,99,179,21,158,193,37,156,13,6,7,1049,555,494,589,483,106,222,20,202,221,43,178,17,9,8
"세종특별자치시","50~59세",475,305,170,301,254,47,58,10,48,74,25,49,42,16,26,508,331,177,337,280,57,62,9,53,82,27,55,27,15,12,581,380,201,391,329,62,74,16,58,83,22,61,33,13,20,651,440,211,450,387,63,82,16,66,89,26,63,30,11,19,731,501,230,511,444,67,96,21,75,93,26,67,31,10,21,788,528,260,544,471,73,118,20,98,92,27,65,34,10,24,860,581,279,596,516,80,125,18,107,102,31,71,37,16,21
"세종특별자치시","60세이상",374,133,241,326,120,206,19,5,14,7,X,5,22,6,16,439,172,267,364,146,218,22,8,14,16,5,11,37,13,24,466,194,272,383,160,223,28,9,19,22,12,10,33,13,20,493,209,284,400,178,222,32,9,23,26,8,18,35,14,21,524,240,284,421,207,214,35,9,26,25,12,13,43,12,31,589,282,307,473,244,229,41,12,29,33,14,19,42,12,30,652,313,339,514,273,241,55,17,38,48,15,33,35,8,27
"경기도","계",266079,126319,139760,153663,95424,58239,49231,11803,37428,46064,9646,36418,17121,9446,7675,266618,126822,139796,150632,95013,55619,53047,12780,40267,46963,10359,36604,15976,8670,7306,285015,135855,149160,160419,100873,59546,56636,13813,42823,49783,11319,38464,18177,9850,8327,303951,145066,158885,171142,107494,63648,59979,14524,45455,52470,12040,40430,20360,11008,9352,317206,150782,166424,182513,114021,68492,65449,16172,49277,52695,12288,40407,16549,8301,8248,330934,156785,174149,189179,117812,71367,70324,17582,52742,54308,12877,41431,17123,8514,8609,343605,163048,180557,195723,121816,73907,74808,18726,56082,55749,13890,41859,17325,8616,8709
"경기도","0~9세",47733,24478,23255,45269,23237,22032,1374,674,700,X,X,X,1090,567,523,48450,24937,23513,46152,23790,22362,1383,680,703,X,X,X,915,467,448,50108,25750,24358,47319,24330,22989,1580,773,807,X,X,X,1209,647,562,52079,26710,25369,48756,25035,23721,1799,876,923,X,X,X,1524,799,725,52810,26962,25848,49431,25278,24153,2312,1134,1178,X,X,X,1067,550,517,53322,27105,26217,49627,25281,24346,2658,1269,1389,X,X,X,1037,555,482,51936,26457,25479,48323,24671,23652,2729,1318,1411,X,X,X,884,468,416
"경기도","10~19세",20746,10391,10355,18420,9366,9054,1289,560,729,141,X,141,896,465,431,21129,10578,10551,19051,9685,9366,1419,612,807,119,X,119,540,281,259,25061,12572,12489,22518,11481,11037,1677,741,936,156,X,156,710,350,360,29882,14998,14884,26562,13529,13033,1975,892,1083,211,X,211,1134,577,557,33915,17110,16805,30418,15505,14913,2370,1092,1278,142,X,142,985,513,472,37963,19286,18677,34097,17440,16657,2799,1326,1473,30,X,30,1037,520,517,42253,21418,20835,37769,19276,18493,3290,1573,1717,14,X,14,1180,569,611
"경기도","20~29세",27437,8219,19218,8523,4316,4207,6372,1622,4750,9655,560,9095,2887,1721,1166,22568,6218,16350,5111,2627,2484,6100,1524,4576,8809,532,8277,2548,1535,1013,22348,6384,15964,5934,2901,3033,5386,1388,3998,8455,542,7913,2573,1553,1020,21829,6412,15417,6088,3216,2872,5175,1184,3991,8129,531,7598,2437,1481,956,23835,7437,16398,8871,4636,4235,4791,1137,3654,8222,556,7666,1951,1108,843,24149,7919,16230,10168,5340,4828,4433,1072,3361,7757,509,7248,1791,998,793,24044,8392,15652,11511,5936,5575,4133,970,3163,6551,442,6109,1849,1044,805
"경기도","30~39세",47659,18060,29599,15024,10523,4501,14000,2383,11617,15621,3058,12563,3014,2096,918,47780,17144,30636,12914,9108,3806,15297,2733,12564,16628,3310,13318,2941,1993,948,50892,18172,32720,13302,9209,4093,16088,2982,13106,17876,3618,14258,3626,2363,1263,53254,18838,34416,13483,9334,4149,17060,3209,13851,18777,3817,14960,3934,2478,1456,55489,19120,36369,13557,9388,4169,18443,3572,14871,20246,4176,16070,3243,1984,1259,56868,19232,37636,13388,9099,4289,19204,3750,15454,20887,4307,16580,3389,2076,1313,56490,19086,37404,13165,8870,4295,19387,3777,15610,20722,4408,16314,3216,2031,1185
"경기도","40~49세",55149,31344,23805,27922,23408,4514,13222,3148,10074,11309,3078,8231,2696,1710,986,55912,31541,24371,27815,23434,4381,14176,3333,10843,11419,3217,8202,2502,1557,945,57715,31949,25766,27897,23419,4478,15128,3417,11711,11914,3394,8520,2776,1719,1057,60025,32575,27450,28772,23760,5012,15730,3456,12274,12590,3503,9087,2933,1856,1077,60303,32076,28227,28900,23606,5294,16621,3558,13063,12531,3539,8992,2251,1373,878,61397,31623,29774,28325,22827,5498,17455,3665,13790,13312,3746,9566,2305,1385,920,62934,31341,31593,27572,22043,5529,18629,3832,14797,14476,4085,10391,2257,1381,876
"경기도","50~59세",38954,21132,17822,19496,15121,4375,8576,2153,6423,7383,2135,5248,3499,1723,1776,40079,22703,17376,19683,16287,3396,9389,2455,6934,7858,2393,5465,3149,1568,1581,44466,25554,18912,21941,18375,3566,10425,2783,7642,8662,2638,6024,3438,1758,1680,48655,28325,20330,24120,20331,3789,11313,3101,8212,9418,2883,6535,3804,2010,1794,50280,29760,20520,26586,22319,4267,12489,3469,9020,8434,2643,5791,2771,1329,1442,54168,31905,22263,28037,23640,4397,14225,3988,10237,8978,2828,6150,2928,1449,1479,58152,34122,24030,29974,25214,4760,15495,4305,11190,9707,3109,6598,2976,1494,1482
"경기도","60세이상",28401,12695,15706,19009,9453,9556,4398,1263,3135,1955,815,1140,3039,1164,1875,30700,13701,16999,19906,10082,9824,5283,1443,3840,2130,907,1223,3381,1269,2112,34425,15474,18951,21508,11158,10350,6352,1729,4623,2720,1127,1593,3845,1460,2385,38227,17208,21019,23361,12289,11072,6927,1806,5121,3345,1306,2039,4594,1807,2787,40574,18317,22257,24750,13289,11461,8423,2210,6213,3120,1374,1746,4281,1444,2837,43067,19715,23352,25537,14185,11352,9550,2512,7038,3344,1487,1857,4636,1531,3105,47796,22232,25564,27409,15806,11603,11145,2951,8194,4279,1846,2433,4963,1629,3334
"강원도","계",25582,12265,13317,18324,11568,6756,3197,244,2953,3532,262,3270,529,191,338,25943,12478,13465,18472,11724,6748,3431,258,3173,3527,299,3228,513,197,316,26922,12966,13956,19243,12170,7073,3544,275,3269,3635,332,3303,500,189,311,28359,13605,14754,20157,12726,7431,3762,278,3484,3866,369,3497,574,232,342,29444,14139,15305,20980,13259,7721,4047,318,3729,3921,390,3531,496,172,324,29932,14324,15608,21130,13362,7768,4352,357,3995,3866,394,3472,584,211,373,30986,14932,16054,21709,13783,7926,4755,403,4352,3793,441,3352,729,305,424
"강원도","0~9세",5423,2803,2620,5328,2755,2573,75,37,38,X,X,X,20,11,9,5404,2786,2618,5342,2756,2586,54,26,28,X,X,X,8,X,X,5303,2725,2578,5236,2689,2547,54,28,26,X,X,X,13,8,5,5349,2730,2619,5273,2692,2581,58,30,28,X,X,X,18,8,10,5210,2651,2559,5125,2606,2519,67,37,30,X,X,X,18,8,10,5053,2555,2498,4949,2501,2448,78,42,36,X,X,X,26,12,14,4843,2473,2370,4729,2411,2318,82,43,39,X,X,X,32,19,13
"강원도","10~19세",2552,1275,1277,2431,1234,1197,52,24,28,31,X,31,38,17,21,2680,1380,1300,2580,1347,1233,54,22,32,24,X,24,22,11,11,3085,1590,1495,2976,1553,1423,58,25,33,25,X,25,26,12,14,3548,1791,1757,3397,1742,1655,62,25,37,38,X,38,51,24,27,4058,2043,2015,3916,1996,1920,68,26,42,30,X,29,44,20,24,4408,2255,2153,4272,2197,2075,84,34,50,X,X,X,48,24,24,4872,2507,2365,4712,2431,2281,102,47,55,X,X,X,57,29,28
"강원도","20~29세",2472,444,2028,651,385,266,600,30,570,1178,8,1170,43,21,22,2123,330,1793,456,255,201,587,41,546,1040,11,1029,40,23,17,2106,360,1746,578,289,289,487,37,450,991,12,979,50,22,28,2190,418,1772,593,339,254,525,34,491,1018,20,998,54,25,29,2420,589,1831,890,511,379,497,35,462,983,24,959,50,19,31,2397,675,1722,1018,576,442,455,41,414,851,25,826,73,33,40,2397,756,1641,1200,655,545,432,37,395,677,24,653,88,40,48
"강원도","30~39세",3381,916,2465,1019,784,235,1190,35,1155,1137,84,1053,35,13,22,3415,839,2576,891,694,197,1328,40,1288,1152,87,1065,44,18,26,3638,845,2793,932,683,249,1420,39,1381,1219,92,1127,67,31,36,3803,843,2960,906,666,240,1543,38,1505,1278,104,1174,76,35,41,3965,848,3117,880,643,237,1658,49,1609,1358,126,1232,69,30,39,4067,822,3245,849,610,239,1732,50,1682,1416,135,1281,70,27,43,4068,841,3227,814,598,216,1798,54,1744,1360,134,1226,96,55,41
"강원도","40~49세",4853,3182,1671,3303,3016,287,792,34,758,670,88,582,88,44,44,4866,3081,1785,3211,2898,313,866,41,825,695,96,599,94,46,48,4821,3008,1813,3132,2825,307,909,46,863,693,101,592,87,36,51,4858,2941,1917,3104,2748,356,932,51,881,726,104,622,96,38,58,4818,2813,2005,2981,2626,355,1015,57,958,750,105,645,72,25,47,4678,2572,2106,2724,2380,344,1108,55,1053,765,101,664,81,36,45,4783,2489,2294,2607,2259,348,1214,61,1153,854,123,731,108,46,62
"강원도","50~59세",3317,2203,1114,2356,2052,304,342,49,293,436,43,393,183,59,124,3605,2459,1146,2563,2299,264,370,45,325,513,64,449,159,51,108,4009,2766,1243,2872,2583,289,422,53,369,575,76,499,140,54,86,4365,3039,1326,3152,2848,304,438,53,385,633,78,555,142,60,82,4673,3263,1410,3420,3086,334,502,56,446,638,83,555,113,38,75,4968,3426,1542,3569,3230,339,613,69,544,655,83,572,131,44,87,5291,3596,1695,3722,3367,355,751,73,678,657,90,567,161,66,95
"강원도","60세이상",3584,1442,2142,3236,1342,1894,146,35,111,80,39,41,122,26,96,3850,1603,2247,3429,1475,1954,172,43,129,103,41,62,146,44,102,3960,1672,2288,3517,1548,1969,194,47,147,132,51,81,117,26,91,4246,1843,2403,3732,1691,2041,204,47,157,173,63,110,137,42,95,4300,1932,2368,3768,1791,1977,240,58,182,162,51,111,130,32,98,4361,2019,2342,3749,1868,1881,282,66,216,175,50,125,155,35,120,4732,2270,2462,3925,2062,1863,376,88,288,244,70,174,187,50,137
"충청북도","계",31910,15181,16729,21512,13636,7876,4544,541,4003,4792,526,4266,1062,478,584,32674,15601,17073,21754,13888,7866,4828,564,4264,4980,601,4379,1112,548,564,34375,16443,17932,23022,14650,8372,5057,596,4461,5234,676,4558,1062,521,541,36290,17403,18887,24212,15467,8745,5320,576,4744,5568,749,4819,1190,611,579,37645,18028,19617,25216,16132,9084,5735,659,5076,5635,768,4867,1059,469,590,38720,18459,20261,25794,16449,9345,6152,721,5431,5657,800,4857,1117,489,628,40166,19229,20937,26511,16937,9574,6765,802,5963,5555,835,4720,1335,655,680
"충청북도","0~9세",6825,3467,3358,6687,3407,3280,89,36,53,X,X,X,49,24,25,6917,3491,3426,6777,3433,3344,86,34,52,X,X,X,54,24,30,6898,3466,3432,6748,3397,3351,92,39,53,X,X,X,58,30,28,6949,3506,3443,6775,3430,3345,104,46,58,X,X,X,70,30,40,6881,3487,3394,6706,3409,3297,129,61,68,X,X,X,46,17,29,6787,3410,3377,6598,3326,3272,129,65,64,X,X,X,60,19,41,6460,3273,3187,6282,3181,3101,126,66,60,X,X,X,52,26,26
"충청북도","10~19세",2787,1388,1399,2617,1330,1287,88,41,47,30,X,30,52,17,35,2914,1465,1449,2758,1410,1348,97,42,55,22,X,22,37,13,24,3539,1770,1769,3353,1712,1641,107,44,63,43,X,43,36,14,22,4248,2114,2134,3993,2024,1969,117,44,73,45,X,44,93,45,48,4820,2400,2420,4564,2305,2259,129,46,83,31,X,31,96,49,47,5414,2721,2693,5166,2626,2540,155,56,99,X,X,X,90,39,51,6031,3029,3002,5712,2904,2808,193,77,116,X,X,X,124,48,76
"충청북도","20~29세",3481,691,2790,828,473,355,825,96,729,1674,35,1639,154,87,67,2981,500,2481,552,285,267,733,86,647,1564,50,1514,132,79,53,2902,545,2357,698,344,354,592,74,518,1492,49,1443,120,78,42,2851,584,2267,651,369,282,641,73,568,1429,56,1373,130,86,44,3028,740,2288,990,558,432,606,76,530,1334,48,1286,98,58,40,3018,823,2195,1135,637,498,569,79,490,1207,49,1158,107,58,49,3135,992,2143,1418,763,655,595,73,522,947,36,911,175,120,55
"충청북도","30~39세",4743,1471,3272,1461,1141,320,1646,93,1553,1519,166,1353,117,71,46,4969,1416,3553,1284,1012,272,1873,110,1763,1647,185,1462,165,109,56,5263,1420,3843,1275,966,309,1997,123,1874,1813,214,1599,178,117,61,5550,1469,4081,1253,963,290,2126,133,1993,1969,241,1728,202,132,70,5839,1447,4392,1212,923,289,2293,146,2147,2161,278,1883,173,100,73,5995,1437,4558,1163,876,287,2414,157,2257,2264,305,1959,154,99,55,6095,1460,4635,1126,826,300,2521,165,2356,2240,315,1925,208,154,54
"충청북도","40~49세",6149,4028,2121,4032,3664,368,998,81,917,925,191,734,194,92,102,6298,4093,2205,4047,3699,348,1075,100,975,977,183,794,199,111,88,6378,4084,2294,4028,3690,338,1180,110,1070,983,184,799,187,100,87,6530,4034,2496,3996,3596,400,1248,115,1133,1102,210,892,184,113,71,6382,3811,2571,3797,3390,407,1336,129,1207,1095,211,884,154,81,73,6303,3513,2790,3526,3101,425,1467,123,1344,1162,213,949,148,76,72,6405,3386,3019,3356,2929,427,1654,140,1514,1232,225,1007,163,92,71
"충청북도","50~59세",4026,2524,1502,2650,2222,428,544,77,467,549,108,441,283,117,166,4376,2861,1515,2860,2507,353,591,84,507,641,140,501,284,130,154,4918,3243,1675,3259,2865,394,671,91,580,738,174,564,250,113,137,5442,3649,1793,3665,3254,411,711,96,615,815,178,637,251,121,130,5826,3972,1854,4037,3617,420,800,112,688,771,158,613,218,85,133,6240,4262,1978,4265,3840,425,919,139,780,788,171,617,268,112,156,6677,4510,2167,4487,4062,425,1066,150,916,833,178,655,291,120,171
"충청북도","60세이상",3899,1612,2287,3237,1399,1838,354,117,237,95,26,69,213,70,143,4219,1775,2444,3476,1542,1934,373,108,265,129,43,86,241,82,159,4477,1915,2562,3661,1676,1985,418,115,303,165,55,110,233,69,164,4720,2047,2673,3879,1831,2048,373,69,304,208,63,145,260,84,176,4869,2171,2698,3910,1930,1980,442,89,353,243,73,170,274,79,195,4963,2293,2670,3941,2043,1898,499,102,397,233,62,171,290,86,204,5363,2579,2784,4130,2272,1858,610,131,479,301,81,220,322,95,227
"충청남도","계",50036,23860,26176,33363,21169,12194,6778,951,5827,7953,799,7154,1942,941,1001,51286,24444,26842,33831,21624,12207,7410,974,6436,8115,898,7217,1930,948,982,53682,25614,28068,35428,22572,12856,7761,1030,6731,8494,996,7498,1999,1016,983,56663,27134,29529,37175,23822,13353,8167,1025,7142,9034,1114,7920,2287,1173,1114,58086,27691,30395,38288,24528,13760,8877,1156,7721,8976,1138,7838,1945,869,1076,60015,28439,31576,39165,25021,14144,9749,1331,8418,9089,1239,7850,2012,848,1164,61983,29467,32516,39975,25572,14403,10640,1480,9160,9057,1361,7696,2311,1054,1257
"충청남도","0~9세",10633,5396,5237,10412,5281,5131,138,70,68,X,X,X,83,45,38,10827,5485,5342,10621,5390,5231,142,62,80,X,X,X,64,33,31,10796,5443,5353,10540,5326,5214,151,65,86,X,X,X,105,52,53,10736,5448,5288,10424,5302,5122,170,81,89,X,X,X,142,65,77,10431,5274,5157,10097,5111,4986,233,120,113,X,X,X,101,43,58,10155,5111,5044,9783,4932,4851,266,135,131,X,X,X,106,44,62,9706,4894,4812,9325,4699,4626,279,143,136,X,X,X,102,52,50
"충청남도","10~19세",4176,2091,2085,3874,1974,1900,159,75,84,41,X,41,102,42,60,4532,2292,2240,4260,2180,2080,169,80,89,37,X,36,66,31,35,5358,2704,2654,5053,2581,2472,190,92,98,43,X,43,72,31,41,6517,3266,3251,6075,3105,2970,216,95,121,74,X,74,152,66,86,7519,3781,3738,7073,3613,3460,241,97,144,51,X,51,154,71,83,8491,4281,4210,8035,4084,3951,294,127,167,6,X,6,156,70,86,9377,4733,4644,8834,4492,4342,341,157,184,6,X,6,196,84,112
"충청남도","20~29세",5477,1148,4329,1436,787,649,1086,148,938,2673,57,2616,282,156,126,4707,876,3831,943,520,423,1102,152,950,2416,60,2356,246,144,102,4513,877,3636,1078,535,543,883,130,753,2289,64,2225,263,148,115,4499,964,3535,1115,615,500,903,119,784,2191,59,2132,290,171,119,4614,1142,3472,1550,875,675,833,111,722,2030,57,1973,201,99,102,4498,1235,3263,1710,963,747,816,122,694,1768,56,1712,204,94,110,4444,1327,3117,1930,1013,917,821,111,710,1430,64,1366,263,139,124
"충청남도","30~39세",7796,2560,5236,2419,1957,462,2447,173,2274,2670,239,2431,260,191,69,8019,2373,5646,2081,1700,381,2780,195,2585,2848,275,2573,310,203,107,8704,2510,6194,2180,1706,474,3000,214,2786,3126,324,2802,398,266,132,9146,2515,6631,2055,1605,450,3283,235,3048,3384,385,2999,424,290,134,9420,2430,6990,1925,1509,416,3561,275,3286,3584,441,3143,350,205,145,9656,2337,7319,1800,1369,431,3770,284,3486,3749,496,3253,337,188,149,9543,2307,7236,1710,1282,428,3837,273,3564,3622,511,3111,374,241,133
"충청남도","40~49세",9652,6437,3215,6292,5784,508,1552,204,1348,1454,261,1193,354,188,166,10004,6571,3433,6416,5888,528,1707,206,1501,1524,286,1238,357,191,166,10134,6527,3607,6389,5829,560,1821,204,1617,1603,305,1298,321,189,132,10324,6505,3819,6365,5754,611,1914,233,1681,1708,321,1387,337,197,140,10217,6211,4006,6105,5506,599,2093,243,1850,1728,295,1433,291,167,124,10279,5896,4383,5803,5155,648,2351,274,2077,1827,306,1521,298,161,137,10576,5679,4897,5467,4822,645,2693,319,2374,2076,346,1730,340,192,148
"충청남도","50~59세",6088,3731,2357,3807,3228,579,864,121,743,925,184,741,492,198,294,6611,4172,2439,4126,3623,503,948,128,820,1068,213,855,469,208,261,7305,4731,2574,4668,4154,514,1080,167,913,1145,220,925,412,190,222,8185,5361,2824,5289,4736,553,1133,159,974,1313,248,1065,450,218,232,8553,5723,2830,5709,5145,564,1257,182,1075,1225,246,979,362,150,212,9258,6192,3066,6060,5531,529,1466,231,1235,1338,269,1069,394,161,233,10073,6765,3308,6531,5999,532,1695,278,1417,1405,296,1109,442,192,250
"충청남도","60세이상",6214,2497,3717,5123,2158,2965,532,160,372,190,58,132,369,121,248,6586,2675,3911,5384,2323,3061,562,151,411,222,63,159,418,138,280,6872,2822,4050,5520,2441,3079,636,158,478,288,83,205,428,140,288,7256,3075,4181,5852,2705,3147,548,103,445,364,101,263,492,166,326,7332,3130,4202,5829,2769,3060,659,128,531,358,99,259,486,134,352,7678,3387,4291,5974,2987,2987,786,158,628,401,112,289,517,130,387,8264,3762,4502,6178,3265,2913,974,199,775,518,144,374,594,154,440
"전라북도","계",39127,18660,20467,27550,17555,9995,4770,282,4488,5748,385,5363,1059,438,621,39804,19190,20614,27950,18024,9926,5053,291,4762,5805,429,5376,996,446,550,41235,19819,21416,29163,18680,10483,5197,308,4889,5915,463,5452,960,368,592,42377,20414,21963,29814,19170,10644,5557,299,5258,5975,511,5464,1031,434,597,43832,21045,22787,30872,19779,11093,5907,333,5574,6051,549,5502,1002,384,618,43926,21030,22896,30767,19743,11024,6244,359,5885,5894,557,5337,1021,371,650,44496,21264,23232,30919,19827,11092,6739,413,6326,5716,594,5122,1122,430,692
"전라북도","0~9세",9164,4747,4417,9027,4691,4336,96,41,55,X,X,X,41,15,26,9239,4825,4414,9126,4776,4350,88,36,52,X,X,X,25,13,12,9115,4692,4423,8981,4633,4348,96,43,53,X,X,X,38,16,22,8865,4602,4263,8729,4536,4193,91,48,43,X,X,X,45,18,27,8571,4453,4118,8421,4379,4042,102,54,48,X,X,X,48,20,28,8090,4209,3881,7945,4135,3810,96,52,44,X,X,X,49,22,27,7493,3845,3648,7338,3767,3571,92,48,44,X,X,X,63,30,33
"전라북도","10~19세",3428,1766,1662,3223,1698,1525,87,32,55,37,X,37,81,36,45,3836,1951,1885,3655,1895,1760,99,32,67,38,X,38,44,24,20,4576,2343,2233,4384,2284,2100,100,34,66,39,X,39,53,25,28,5358,2691,2667,5092,2610,2482,116,36,80,44,X,43,106,44,62,6272,3183,3089,6004,3091,2913,138,46,92,30,X,30,100,46,54,6979,3582,3397,6725,3480,3245,164,57,107,X,X,X,87,45,42,7683,3948,3735,7383,3826,3557,184,69,115,6,X,6,110,53,57
"전라북도","20~29세",4363,705,3658,1028,551,477,961,67,894,2275,33,2242,99,54,45,3696,507,3189,673,358,315,890,66,824,2039,30,2009,94,53,41,3443,515,2928,836,391,445,700,57,643,1821,24,1797,86,43,43,3354,600,2754,819,452,367,761,54,707,1664,28,1636,110,66,44,3588,746,2842,1189,614,575,697,49,648,1599,28,1571,103,55,48,3396,802,2594,1287,677,610,616,41,575,1387,32,1355,106,52,54,3396,951,2445,1546,802,744,569,45,524,1152,41,1111,129,63,66
"전라북도","30~39세",5458,1531,3927,1658,1329,329,1951,28,1923,1767,129,1638,82,45,37,5570,1372,4198,1399,1124,275,2163,41,2122,1924,163,1761,84,44,40,5878,1332,4546,1391,1044,347,2305,50,2255,2069,187,1882,113,51,62,5965,1252,4713,1247,953,294,2512,53,2459,2102,202,1900,104,44,60,6156,1204,4952,1149,862,287,2636,55,2581,2254,230,2024,117,57,60,6200,1121,5079,1044,770,274,2744,58,2686,2299,238,2061,113,55,58,6106,1070,5036,929,683,246,2802,60,2742,2245,256,1989,130,71,59
"전라북도","40~49세",7385,5041,2344,5161,4816,345,1063,37,1026,961,110,851,200,78,122,7488,5081,2407,5183,4869,314,1137,32,1105,988,107,881,180,73,107,7495,4919,2576,5070,4719,351,1205,29,1176,1061,114,947,159,57,102,7499,4763,2736,4954,4542,412,1268,28,1240,1103,125,978,174,68,106,7430,4500,2930,4726,4283,443,1413,32,1381,1130,133,997,161,52,109,7166,4061,3105,4285,3834,451,1545,39,1506,1188,145,1043,148,43,105,7008,3701,3307,3890,3458,432,1758,44,1714,1225,155,1070,135,44,91
"전라북도","50~59세",4567,2993,1574,3171,2728,443,453,45,408,593,76,517,350,144,206,4993,3417,1576,3489,3137,352,494,47,447,668,84,584,342,149,193,5594,3873,1721,3975,3619,356,578,54,524,755,93,662,286,107,179,6008,4219,1789,4332,3969,363,577,39,538,847,98,749,252,113,139,6434,4573,1861,4743,4348,395,638,49,589,807,96,711,246,80,166,6733,4824,1909,4955,4600,355,727,53,674,797,94,703,254,77,177,7207,5116,2091,5238,4873,365,898,69,829,828,91,737,243,83,160
"전라북도","60세이상",4762,1877,2885,4282,1742,2540,159,32,127,115,37,78,206,66,140,4982,2037,2945,4425,1865,2560,182,37,145,148,45,103,227,90,137,5134,2145,2989,4526,1990,2536,213,41,172,170,45,125,225,69,156,5328,2287,3041,4641,2108,2533,232,41,191,215,57,158,240,81,159,5381,2386,2995,4640,2202,2438,283,48,235,231,62,169,227,74,153,5362,2431,2931,4526,2247,2279,352,59,293,220,48,172,264,77,187,5603,2633,2970,4595,2418,2177,436,78,358,260,51,209,312,86,226
"전라남도","계",44846,21332,23514,32005,20351,11654,5077,264,4813,6629,277,6352,1135,440,695,45453,21838,23615,32538,20819,11719,5368,266,5102,6504,301,6203,1043,452,591,46658,22432,24226,33720,21421,12299,5521,284,5237,6455,334,6121,962,393,569,48652,23426,25226,34906,22304,12602,6006,281,5725,6662,381,6281,1078,460,618,49750,23960,25790,35605,22843,12762,6353,320,6033,6742,421,6321,1050,376,674,50444,24270,26174,35968,23049,12919,6734,363,6371,6678,459,6219,1064,399,665,51131,24597,26534,36179,23130,13049,7259,425,6834,6450,516,5934,1243,526,717
"전라남도","0~9세",10833,5508,5325,10695,5440,5255,99,51,48,X,X,X,39,17,22,10984,5598,5386,10862,5532,5330,93,54,39,X,X,X,29,12,17,10666,5470,5196,10555,5404,5151,86,54,32,X,X,X,25,12,13,10512,5416,5096,10384,5347,5037,81,48,33,X,X,X,47,21,26,10085,5169,4916,9954,5101,4853,91,48,43,X,X,X,40,20,20,9662,4964,4698,9523,4890,4633,92,51,41,X,X,X,47,23,24,9034,4646,4388,8858,4542,4316,108,67,41,X,X,X,68,37,31
"전라남도","10~19세",4016,2021,1995,3816,1961,1855,78,29,49,49,X,49,73,31,42,4334,2224,2110,4158,2169,1989,81,32,49,53,X,53,42,23,19,5208,2666,2542,5012,2601,2411,102,43,59,51,X,51,43,22,21,6121,3087,3034,5831,2990,2841,121,51,70,69,X,69,100,46,54,7132,3651,3481,6883,3554,3329,128,56,72,34,X,34,87,41,46,8046,4135,3911,7787,4013,3774,160,71,89,6,X,6,93,51,42,8814,4469,4345,8529,4332,4197,184,81,103,5,X,5,96,56,40
"전라남도","20~29세",4855,609,4246,863,480,383,1103,39,1064,2768,29,2739,121,61,60,4096,457,3639,618,346,272,973,36,937,2411,25,2386,94,50,44,3898,474,3424,878,374,504,773,37,736,2153,18,2135,94,45,49,3823,600,3223,848,456,392,846,36,810,2003,30,1973,126,78,48,3836,735,3101,1123,614,509,736,39,697,1883,32,1851,94,50,44,3736,858,2878,1348,750,598,678,38,640,1624,32,1592,86,38,48,3660,988,2672,1545,824,721,652,41,611,1310,38,1272,153,85,68
"전라남도","30~39세",5890,1648,4242,1751,1469,282,2068,35,2033,1985,97,1888,86,47,39,6121,1465,4656,1520,1246,274,2345,30,2315,2137,117,2020,119,72,47,6339,1364,4975,1515,1145,370,2521,35,2486,2186,126,2060,117,58,59,6692,1320,5372,1387,1076,311,2825,39,2786,2357,146,2211,123,59,64,6876,1221,5655,1215,933,282,2995,53,2942,2539,175,2364,127,60,67,6977,1142,5835,1087,806,281,3113,63,3050,2642,201,2441,135,72,63,6864,1106,5758,994,716,278,3129,60,3069,2581,230,2351,160,100,60
"전라남도","40~49세",8393,5864,2529,5969,5677,292,1156,40,1116,1073,74,999,195,73,122,8458,5878,2580,5986,5676,310,1226,49,1177,1057,71,986,189,82,107,8407,5697,2710,5789,5486,303,1309,43,1266,1115,87,1028,194,81,113,8467,5625,2842,5789,5430,359,1369,34,1335,1131,86,1045,178,75,103,8288,5237,3051,5397,5033,364,1511,40,1471,1205,107,1098,175,57,118,8056,4811,3245,4995,4608,387,1651,38,1613,1244,110,1134,166,55,111,7890,4384,3506,4522,4169,353,1882,39,1843,1318,116,1202,168,60,108
"전라남도","50~59세",5166,3491,1675,3687,3258,429,427,45,382,638,50,588,414,138,276,5595,3920,1675,4049,3687,362,479,44,435,716,56,660,351,133,218,6106,4354,1752,4514,4131,383,532,47,485,775,66,709,285,110,175,6702,4819,1883,4979,4583,396,560,49,511,889,79,810,274,108,166,7309,5365,1944,5512,5159,353,655,58,597,851,65,786,291,83,208,7733,5655,2078,5794,5442,352,765,66,699,900,64,836,274,83,191,8304,6028,2276,6146,5776,370,938,83,855,909,72,837,311,97,214
"전라남도","60세이상",5693,2191,3502,5224,2066,3158,146,25,121,116,27,89,207,73,134,5865,2296,3569,5345,2163,3182,171,21,150,130,32,98,219,80,139,6034,2407,3627,5457,2280,3177,198,25,173,175,37,138,204,65,139,6335,2559,3776,5688,2422,3266,204,24,180,213,40,173,230,73,157,6224,2582,3642,5521,2449,3072,237,26,211,230,42,188,236,65,171,6234,2705,3529,5434,2540,2894,275,36,239,262,52,210,263,77,186,6565,2976,3589,5585,2771,2814,366,54,312,327,60,267,287,91,196
"경상북도","계",49132,23406,25726,34280,21707,12573,6117,475,5642,7420,655,6765,1315,569,746,50152,23993,26159,35023,22277,12746,6432,450,5982,7468,726,6742,1229,540,689,52131,24988,27143,36578,23191,13387,6578,464,6114,7749,810,6939,1226,523,703,54379,26052,28327,38064,24159,13905,7066,480,6586,7947,859,7088,1302,554,748,55871,26694,29177,38968,24811,14157,7725,523,7202,7951,926,7025,1227,434,793,57102,27182,29920,39572,25152,14420,8339,594,7745,7893,985,6908,1298,451,847,57998,27637,30361,39786,25299,14487,8940,671,8269,7735,1044,6691,1537,623,914
"경상북도","0~9세",11416,5842,5574,11257,5772,5485,122,55,67,X,X,X,37,15,22,11514,5880,5634,11373,5817,5556,110,50,60,X,X,X,31,13,18,11203,5722,5481,11044,5653,5391,112,52,60,X,X,X,47,17,30,11043,5575,5468,10850,5498,5352,117,49,68,X,X,X,76,28,48,10770,5431,5339,10566,5351,5215,131,52,79,X,X,X,73,28,45,10473,5318,5155,10241,5223,5018,145,58,87,X,X,X,87,37,50,9878,4967,4911,9636,4859,4777,161,71,90,X,X,X,81,37,44
"경상북도","10~19세",3732,1885,1847,3504,1812,1692,95,48,47,57,X,57,76,25,51,4234,2146,2088,4050,2081,1969,99,46,53,45,X,45,40,19,21,5334,2688,2646,5105,2619,2486,110,50,60,60,X,60,59,19,40,6536,3301,3235,6227,3194,3033,127,57,70,67,X,67,115,50,65,7463,3827,3636,7170,3710,3460,145,62,83,48,X,48,100,55,45,8484,4356,4128,8186,4219,3967,181,85,96,12,X,12,105,52,53,9413,4802,4611,9057,4645,4412,210,95,115,6,X,6,140,62,78
"경상북도","20~29세",5857,910,4947,1147,657,490,1415,87,1328,3147,75,3072,148,91,57,4881,676,4205,727,434,293,1224,80,1144,2793,73,2720,137,89,48,4636,727,3909,941,478,463,924,76,848,2611,73,2538,160,100,60,4368,714,3654,905,514,391,927,71,856,2393,61,2332,143,68,75,4367,847,3520,1211,686,525,922,60,862,2103,44,2059,131,57,74,4213,937,3276,1349,780,569,880,57,823,1851,40,1811,133,60,73,3987,1057,2930,1556,863,693,794,59,735,1462,36,1426,175,99,76
"경상북도","30~39세",7708,2365,5343,2340,1907,433,2704,85,2619,2500,260,2240,164,113,51,8011,2111,5900,2042,1642,400,3044,78,2966,2776,308,2468,149,83,66,8576,2111,6465,2068,1585,483,3297,76,3221,3032,358,2674,179,92,87,8974,2092,6882,1975,1529,446,3607,79,3528,3215,391,2824,177,93,84,9249,1977,7272,1754,1340,414,3877,91,3786,3460,474,2986,158,72,86,9364,1850,7514,1585,1184,401,4081,102,3979,3533,491,3042,165,73,92,9322,1819,7503,1449,1087,362,4195,109,4086,3457,502,2955,221,121,100
"경상북도","40~49세",9096,6560,2536,6649,6179,470,1152,96,1056,1052,182,870,243,103,140,9380,6695,2685,6798,6305,493,1264,91,1173,1088,190,898,230,109,121,9384,6521,2863,6609,6107,502,1375,94,1281,1174,210,964,226,110,116,9517,6421,3096,6582,6007,575,1471,98,1373,1252,214,1038,212,102,110,9433,6096,3337,6251,5714,537,1674,111,1563,1309,200,1109,199,71,128,9273,5648,3625,5761,5234,527,1886,114,1772,1432,233,1199,194,67,127,9297,5233,4064,5297,4755,542,2139,119,2020,1614,263,1351,247,96,151
"경상북도","50~59세",5047,3440,1607,3669,3129,540,443,65,378,527,87,440,408,159,249,5606,3962,1644,4116,3633,483,480,66,414,625,107,518,385,156,229,6271,4516,1755,4741,4221,520,522,77,445,684,101,583,324,117,207,6904,5067,1837,5258,4731,527,563,84,479,777,116,661,306,136,170,7503,5544,1959,5766,5231,535,673,93,580,781,126,655,283,94,189,8058,5979,2079,6158,5633,525,803,117,686,799,128,671,298,101,197,8786,6460,2326,6570,6055,515,1001,137,864,882,146,736,333,122,211
"경상북도","60세이상",6276,2404,3872,5714,2251,3463,186,39,147,137,51,86,239,63,176,6526,2523,4003,5917,2365,3552,211,39,172,141,48,93,257,71,186,6727,2703,4024,6070,2528,3542,238,39,199,188,68,120,231,68,163,7037,2882,4155,6267,2686,3581,254,42,212,243,77,166,273,77,196,7086,2972,4114,6250,2779,3471,303,54,249,250,82,168,283,57,226,7237,3094,4143,6292,2879,3413,363,61,302,266,93,173,316,61,255,7315,3299,4016,6221,3035,3186,440,81,359,314,97,217,340,86,254
"경상남도","계",61149,29062,32087,41313,26259,15054,8335,651,7684,9508,1159,8349,1993,993,1000,62478,29703,32775,41927,26783,15144,8942,680,8262,9700,1273,8427,1909,967,942,64609,30840,33769,43806,27923,15883,9127,688,8439,9873,1376,8497,1803,853,950,67530,32259,35271,45696,29112,16584,9633,702,8931,10259,1525,8734,1942,920,1022,69317,33182,36135,46783,29914,16869,10075,765,9310,10640,1700,8940,1819,803,1016,70210,33566,36644,47139,30083,17056,10681,837,9844,10510,1805,8705,1880,841,1039,71048,34028,37020,47505,30371,17134,11411,922,10489,10184,1864,8320,1948,871,1077
"경상남도","0~9세",14148,7323,6825,13902,7206,6696,160,69,91,X,X,X,86,48,38,14256,7301,6955,14010,7178,6832,161,72,89,X,X,X,85,51,34,13924,7180,6744,13640,7033,6607,160,79,81,X,X,X,124,68,56,13834,7171,6663,13497,7007,6490,177,82,95,X,X,X,160,82,78,13246,6905,6341,12915,6740,6175,180,75,105,X,X,X,151,90,61,12815,6709,6106,12442,6520,5922,186,88,98,X,X,X,187,101,86,11897,6198,5699,11587,6036,5551,188,97,91,X,X,X,122,65,57
"경상남도","10~19세",4738,2399,2339,4481,2329,2152,87,28,59,64,X,64,106,42,64,5270,2695,2575,5035,2625,2410,112,40,72,58,X,58,65,30,35,6585,3331,3254,6309,3245,3064,135,51,84,67,X,67,74,35,39,8096,4079,4017,7678,3937,3741,167,66,101,82,X,82,169,76,93,9393,4744,4649,8979,4591,4388,211,84,127,50,X,50,153,69,84,10522,5335,5187,10114,5162,4952,247,99,148,6,X,6,155,74,81,11631,5922,5709,11140,5717,5423,298,122,176,X,X,X,190,83,107
"경상남도","20~29세",7564,1300,6264,1516,848,668,2008,109,1899,3714,138,3576,326,205,121,6359,936,5423,1012,571,441,1766,90,1676,3316,108,3208,265,167,98,5770,934,4836,1300,652,648,1327,77,1250,2943,96,2847,200,109,91,5449,959,4490,1203,683,520,1301,77,1224,2740,100,2640,205,99,106,5399,1155,4244,1613,885,728,1049,83,966,2550,84,2466,187,103,84,4940,1227,3713,1686,968,718,974,79,895,2085,77,2008,195,103,92,4748,1356,3392,1981,1088,893,876,67,809,1650,80,1570,241,121,120
"경상남도","30~39세",9844,3083,6761,2834,2250,584,3483,96,3387,3217,507,2710,310,230,80,10611,2952,7659,2573,2010,563,4069,111,3958,3655,598,3057,314,233,81,11241,2913,8328,2570,1926,644,4407,122,4285,3942,650,3292,322,215,107,11816,2983,8833,2566,1916,650,4788,138,4650,4158,738,3420,304,191,113,12312,2908,9404,2271,1706,565,5065,143,4922,4698,882,3816,278,177,101,12465,2751,9714,2032,1487,545,5332,152,5180,4803,920,3883,298,192,106,12107,2571,9536,1806,1333,473,5427,147,5280,4598,915,3683,276,176,100
"경상남도","40~49세",11674,8188,3486,8260,7576,684,1601,171,1430,1502,293,1209,311,148,163,11857,8273,3584,8302,7644,658,1726,165,1561,1514,313,1201,315,151,164,11975,8107,3868,8160,7481,679,1893,151,1742,1629,333,1296,293,142,151,12063,7832,4231,7979,7161,818,1982,143,1839,1793,372,1421,309,156,153,11915,7448,4467,7591,6792,799,2187,152,2035,1891,400,1491,246,104,142,11715,6889,4826,7010,6175,835,2359,148,2211,2105,462,1643,241,104,137,11696,6446,5250,6469,5665,804,2711,176,2535,2244,480,1764,272,125,147
"경상남도","50~59세",6500,4220,2280,4458,3754,704,690,103,587,827,146,681,525,217,308,7180,4828,2352,4954,4329,625,763,120,643,955,168,787,508,211,297,7849,5427,2422,5558,4945,613,815,119,696,1019,186,833,457,177,280,8728,6129,2599,6271,5610,661,833,120,713,1177,196,981,447,203,244,9430,6796,2634,6967,6295,672,929,137,792,1134,211,923,400,153,247,10032,7299,2733,7398,6763,635,1076,162,914,1156,217,939,402,157,245,10837,7853,2984,7893,7267,626,1298,188,1110,1241,231,1010,405,167,238
"경상남도","60세이상",6681,2549,4132,5862,2296,3566,306,75,231,184,75,109,329,103,226,6945,2718,4227,6041,2426,3615,345,82,263,202,86,116,357,124,233,7265,2948,4317,6269,2641,3628,390,89,301,273,111,162,333,107,226,7544,3106,4438,6502,2798,3704,385,76,309,309,119,190,348,113,235,7622,3226,4396,6447,2905,3542,454,91,363,317,123,194,404,107,297,7721,3356,4365,6457,3008,3449,507,109,398,355,129,226,402,110,292,8132,3682,4450,6629,3265,3364,613,125,488,448,158,290,442,134,308
"제주특별자치도","계",13422,6409,7013,9239,5690,3549,1523,267,1256,2271,301,1970,389,151,238,14289,6865,7424,9764,6074,3690,1711,304,1407,2443,340,2103,371,147,224,15511,7497,8014,10656,6620,4036,1874,331,1543,2583,376,2207,398,170,228,16642,7969,8673,11334,7014,4320,2099,367,1732,2719,392,2327,490,196,294,17626,8408,9218,11956,7368,4588,2303,392,1911,2870,445,2425,497,203,294,18189,8615,9574,12331,7531,4800,2456,416,2040,2903,468,2435,499,200,299,18756,8942,9814,12691,7755,4936,2596,450,2146,2932,512,2420,537,225,312
"제주특별자치도","0~9세",3061,1589,1472,2979,1546,1433,52,23,29,X,X,X,30,20,10,3276,1709,1567,3210,1676,1534,53,26,27,X,X,X,13,7,6,3473,1801,1672,3393,1760,1633,61,29,32,X,X,X,19,12,7,3594,1847,1747,3492,1792,1700,72,37,35,X,X,X,30,18,12,3656,1859,1797,3546,1800,1746,81,43,38,X,X,X,29,16,13,3642,1817,1825,3537,1766,1771,81,38,43,X,X,X,24,13,11,3502,1769,1733,3391,1715,1676,84,39,45,X,X,X,27,15,12
"제주특별자치도","10~19세",968,491,477,891,455,436,47,28,19,11,X,11,19,8,11,1019,534,485,937,495,442,50,32,18,20,X,20,12,7,5,1260,654,606,1160,604,556,55,35,20,21,X,21,24,15,9,1581,791,790,1448,726,722,64,38,26,25,X,25,44,27,17,1838,917,921,1704,853,851,68,31,37,12,X,12,54,33,21,2201,1122,1079,2058,1050,1008,93,47,46,X,X,X,49,25,24,2503,1255,1248,2350,1187,1163,99,47,52,X,X,X,52,21,31
"제주특별자치도","20~29세",1640,263,1377,370,168,202,303,39,264,896,29,867,71,27,44,1455,208,1247,261,116,145,300,44,256,842,30,812,52,18,34,1497,245,1252,331,154,177,306,38,268,805,30,775,55,23,32,1441,226,1215,307,144,163,324,32,292,748,31,717,62,19,43,1502,309,1193,424,219,205,307,35,272,706,34,672,65,21,44,1426,333,1093,476,248,228,281,34,247,600,29,571,69,22,47,1312,371,941,528,279,249,223,37,186,493,22,471,68,33,35
"제주특별자치도","30~39세",2188,739,1449,757,545,212,550,63,487,836,110,726,45,21,24,2369,727,1642,715,492,223,649,72,577,950,131,819,55,32,23,2633,807,1826,804,538,266,723,85,638,1049,154,895,57,30,27,2803,806,1997,784,519,265,828,94,734,1120,155,965,71,38,33,2959,782,2177,754,484,270,910,87,823,1219,172,1047,76,39,37,2984,734,2250,671,418,253,968,84,884,1261,191,1070,84,41,43,2973,715,2258,665,398,267,1001,86,915,1224,191,1033,83,40,43
"제주특별자치도","40~49세",2560,1815,745,1869,1671,198,324,53,271,308,74,234,59,17,42,2815,1960,855,2019,1795,224,380,60,320,352,77,275,64,28,36,2969,2017,952,2056,1823,233,427,69,358,415,89,326,71,36,35,3137,2048,1089,2107,1842,265,455,76,379,497,96,401,78,34,44,3277,2040,1237,2101,1807,294,524,90,434,573,109,464,79,34,45,3332,1922,1410,2009,1668,341,554,88,466,695,131,564,74,35,39,3357,1795,1562,1848,1488,360,638,98,540,788,164,624,83,45,38
"제주특별자치도","50~59세",1384,880,504,976,771,205,160,33,127,156,47,109,92,29,63,1593,1034,559,1113,907,206,179,38,141,197,55,142,104,34,70,1736,1182,554,1260,1066,194,190,39,151,199,51,148,87,26,61,1999,1372,627,1452,1239,213,221,53,168,227,52,175,99,28,71,2199,1555,644,1623,1408,215,249,62,187,246,62,184,81,23,58,2395,1718,677,1788,1570,218,299,72,227,232,54,178,76,22,54,2708,1940,768,1983,1761,222,341,80,261,291,70,221,93,29,64
"제주특별자치도","60세이상",1621,632,989,1397,534,863,87,28,59,64,41,23,73,29,44,1762,693,1069,1509,593,916,100,32,68,82,47,35,71,21,50,1943,791,1152,1652,675,977,112,36,76,94,52,42,85,28,57,2087,879,1208,1744,752,992,135,37,98,102,58,44,106,32,74,2195,946,1249,1804,797,1007,164,44,120,114,68,46,113,37,76,2209,969,1240,1792,811,981,180,53,127,114,63,51,123,42,81,2401,1097,1304,1926,927,999,210,63,147,134,65,69,131,42,89
